2018-01-01 00:00:00,0.3604,0.19638,0.08987,0.16029,0.0858,0.06703,0.08883,1.0486
2018-01-02 00:00:00,0.3604,0.19609,0.0898,0.16016,0.0857,0.067,0.08871,1.04786
2018-01-03 00:00:00,0.3604,0.19677,0.08986,0.16015,0.08553,0.06709,0.08878,1.04858
2018-01-04 00:00:00,0.3604,0.19609,0.09018,0.16043,0.08531,0.06703,0.08877,1.0482099999999999
2018-01-05 00:00:00,0.3604,0.19641,0.09068,0.1603,0.08531,0.06695,0.08864,1.04869
2018-01-06 00:00:00,0.3604,0.19681,0.09061,0.16033,0.08534,0.06699,0.08875,1.0492299999999999
2018-01-07 00:00:00,0.3604,0.1972,0.09055,0.16037,0.08537,0.06702,0.08886,1.04977
2018-01-08 00:00:00,0.3604,0.19759,0.09048,0.16041,0.0854,0.06706,0.08897,1.05031
2018-01-09 00:00:00,0.3604,0.19827,0.0901,0.1607,0.08545,0.06733,0.08914,1.05139
2018-01-10 00:00:00,0.3604,0.19728,0.08919,0.16062,0.08538,0.06711,0.08897,1.04895
2018-01-11 00:00:00,0.3604,0.19687,0.08938,0.16102,0.08518,0.06708,0.08892,1.0488499999999998
2018-01-12 00:00:00,0.3604,0.19492,0.08895,0.15926,0.08474,0.06667,0.08858,1.0435200000000002
2018-01-13 00:00:00,0.3604,0.19418,0.08882,0.15869,0.08469,0.06659,0.08846,1.04183
2018-01-14 00:00:00,0.3604,0.19344,0.08868,0.15812,0.08464,0.06651,0.08834,1.04013
2018-01-15 00:00:00,0.3604,0.1927,0.08855,0.15755,0.08459,0.06643,0.08822,1.03844
2018-01-16 00:00:00,0.3604,0.19344,0.08862,0.15783,0.08479,0.06647,0.08835,1.0399
2018-01-17 00:00:00,0.3604,0.19387,0.08869,0.15766,0.08492,0.0664,0.08837,1.04031
2018-01-18 00:00:00,0.3604,0.19336,0.08902,0.15661,0.08482,0.06627,0.08826,1.03874
2018-01-19 00:00:00,0.3604,0.19305,0.08853,0.15663,0.08463,0.06608,0.08813,1.03745
2018-01-20 00:00:00,0.3604,0.19313,0.08859,0.15653,0.08471,0.06608,0.08812,1.03756
2018-01-21 00:00:00,0.3604,0.19322,0.08866,0.15644,0.0848,0.06608,0.08811,1.03771
2018-01-22 00:00:00,0.3604,0.1933,0.08872,0.15634,0.08488,0.06608,0.0881,1.03782
2018-01-23 00:00:00,0.3604,0.19314,0.08845,0.15576,0.08483,0.0661,0.08809,1.0367700000000002
2018-01-24 00:00:00,0.3604,0.19153,0.08757,0.15332,0.08466,0.06576,0.08746,1.0307000000000002
2018-01-25 00:00:00,0.3604,0.19068,0.08717,0.15239,0.0845,0.06533,0.08718,1.02765
2018-01-26 00:00:00,0.3604,0.19024,0.0875,0.15255,0.08464,0.06529,0.08729,1.02791
2018-01-27 00:00:00,0.3604,0.19053,0.08738,0.15314,0.08482,0.06531,0.08735,1.02893
2018-01-28 00:00:00,0.3604,0.19082,0.08726,0.15373,0.085,0.06532,0.08741,1.02994
2018-01-29 00:00:00,0.3604,0.19111,0.08713,0.15432,0.08518,0.06534,0.08748,1.0309599999999999
2018-01-30 00:00:00,0.3604,0.19047,0.08698,0.15378,0.08511,0.06527,0.0875,1.02951
2018-01-31 00:00:00,0.3604,0.18992,0.08713,0.1533,0.08503,0.06489,0.08729,1.02796
2018-02-01 00:00:00,0.3604,0.18989,0.08777,0.15259,0.0853,0.06497,0.08762,1.02854
2018-02-02 00:00:00,0.3604,0.18938,0.08793,0.15276,0.0856,0.06488,0.0877,1.0286499999999998
2018-02-03 00:00:00,0.3604,0.18965,0.08793,0.15339,0.08566,0.06489,0.08778,1.0297
2018-02-04 00:00:00,0.3604,0.18991,0.08793,0.15402,0.08573,0.0649,0.08786,1.0307499999999998
2018-02-05 00:00:00,0.3604,0.19018,0.08794,0.15466,0.08579,0.0649,0.08794,1.03181
2018-02-06 00:00:00,0.3604,0.19189,0.08763,0.15661,0.0863,0.06482,0.08834,1.03599
2018-02-07 00:00:00,0.3604,0.19175,0.08748,0.15612,0.0862,0.06474,0.08815,1.03484
2018-02-08 00:00:00,0.3604,0.19309,0.08775,0.15516,0.08676,0.06531,0.08875,1.03722
2018-02-09 00:00:00,0.3604,0.19276,0.08713,0.15707,0.08683,0.06504,0.08878,1.03801
2018-02-10 00:00:00,0.3604,0.19282,0.08707,0.15703,0.08678,0.06513,0.08869,1.03792
2018-02-11 00:00:00,0.3604,0.19287,0.08702,0.15699,0.08673,0.06521,0.08859,1.03781
2018-02-12 00:00:00,0.3604,0.19292,0.08696,0.15695,0.08669,0.0653,0.0885,1.0377200000000002
2018-02-13 00:00:00,0.3604,0.19183,0.0862,0.15664,0.08671,0.06546,0.08831,1.03555
2018-02-14 00:00:00,0.3604,0.19159,0.08583,0.15664,0.08655,0.06546,0.08807,1.03454
2018-02-15 00:00:00,0.3604,0.18937,0.08529,0.15416,0.08598,0.06546,0.08756,1.02822
2018-02-16 00:00:00,0.3604,0.18981,0.08499,0.15477,0.08593,0.06546,0.0875,1.0288599999999999
2018-02-17 00:00:00,0.3604,0.19008,0.08509,0.15487,0.086,0.06546,0.08755,1.02945
2018-02-18 00:00:00,0.3604,0.19036,0.08519,0.15497,0.08608,0.06546,0.08761,1.03007
2018-02-19 00:00:00,0.3604,0.19064,0.08529,0.15507,0.08615,0.06546,0.08766,1.03067
2018-02-20 00:00:00,0.3604,0.19172,0.08579,0.15521,0.08665,0.06546,0.08803,1.0332599999999998
2018-02-21 00:00:00,0.3604,0.19215,0.08608,0.15608,0.08652,0.06546,0.08821,1.0349
2018-02-22 00:00:00,0.3604,0.19272,0.08572,0.15632,0.08716,0.06563,0.08828,1.03623
2018-02-23 00:00:00,0.3604,0.19236,0.08544,0.15532,0.08694,0.06537,0.08823,1.03406
2018-02-24 00:00:00,0.3604,0.19225,0.08546,0.15516,0.08691,0.06528,0.08813,1.03359
2018-02-25 00:00:00,0.3604,0.19214,0.08548,0.155,0.08689,0.06519,0.08803,1.03313
2018-02-26 00:00:00,0.3604,0.19203,0.0855,0.15484,0.08686,0.0651,0.08793,1.0326600000000001
2018-02-27 00:00:00,0.3604,0.19233,0.08574,0.15611,0.08692,0.06515,0.08811,1.03476
2018-02-28 00:00:00,0.3604,0.1937,0.08567,0.15725,0.0874,0.06529,0.08834,1.0380500000000001
2018-03-01 00:00:00,0.3604,0.19438,0.08548,0.15799,0.08775,0.06553,0.08859,1.04012
2018-03-02 00:00:00,0.3604,0.19215,0.08437,0.15759,0.08759,0.06547,0.08817,1.0357399999999999
2018-03-03 00:00:00,0.3604,0.19218,0.08443,0.15747,0.08755,0.06545,0.08815,1.03563
2018-03-04 00:00:00,0.3604,0.19221,0.0845,0.15734,0.08752,0.06544,0.08812,1.03553
2018-03-05 00:00:00,0.3604,0.19223,0.08456,0.15721,0.08749,0.06542,0.08809,1.0353999999999999
2018-03-06 00:00:00,0.3604,0.19062,0.08503,0.15606,0.08723,0.0653,0.08782,1.03246
2018-03-07 00:00:00,0.3604,0.19053,0.08471,0.1566,0.08745,0.06522,0.08776,1.03267
2018-03-08 00:00:00,0.3604,0.19047,0.08495,0.15646,0.08759,0.06537,0.08782,1.0330599999999999
2018-03-09 00:00:00,0.3604,0.19248,0.08551,0.15711,0.0878,0.06539,0.08802,1.03671
2018-03-10 00:00:00,0.3604,0.19242,0.08543,0.15688,0.08771,0.06537,0.08793,1.03614
2018-03-11 00:00:00,0.3604,0.19237,0.08535,0.15666,0.08762,0.06535,0.08785,1.0356
2018-03-12 00:00:00,0.3604,0.19231,0.08526,0.15643,0.08752,0.06533,0.08776,1.03501
2018-03-13 00:00:00,0.3604,0.19113,0.08556,0.15557,0.08717,0.06524,0.08751,1.0325799999999998
2018-03-14 00:00:00,0.3604,0.19127,0.08527,0.15565,0.08727,0.06514,0.0874,1.0323999999999998
2018-03-15 00:00:00,0.3604,0.1917,0.0849,0.15574,0.08745,0.06519,0.08754,1.03292
2018-03-16 00:00:00,0.3604,0.19233,0.08473,0.15585,0.08747,0.06527,0.08783,1.0338800000000001
2018-03-17 00:00:00,0.3604,0.19228,0.08481,0.15543,0.08751,0.06529,0.08788,1.0336
2018-03-18 00:00:00,0.3604,0.19224,0.08488,0.155,0.08754,0.06532,0.08794,1.03332
2018-03-19 00:00:00,0.3604,0.1922,0.08496,0.15458,0.08758,0.06534,0.08799,1.03305
2018-03-20 00:00:00,0.3604,0.19272,0.08523,0.15521,0.08748,0.06535,0.08796,1.03435
2018-03-21 00:00:00,0.3604,0.19256,0.08502,0.15454,0.08749,0.06532,0.08801,1.03334
2018-03-22 00:00:00,0.3604,0.19209,0.08433,0.1538,0.08742,0.06536,0.08785,1.0312500000000002
2018-03-23 00:00:00,0.3604,0.19162,0.08412,0.15358,0.0875,0.06517,0.08769,1.03008
2018-03-24 00:00:00,0.3604,0.19129,0.08413,0.15329,0.08743,0.06504,0.08764,1.02922
2018-03-25 00:00:00,0.3604,0.19095,0.08414,0.153,0.08737,0.06491,0.08759,1.0283600000000002
2018-03-26 00:00:00,0.3604,0.19062,0.08415,0.15271,0.08731,0.06479,0.08754,1.02752
2018-03-27 00:00:00,0.3604,0.19116,0.08475,0.15435,0.08734,0.06481,0.08743,1.03024
2018-03-28 00:00:00,0.3604,0.19082,0.08496,0.15349,0.08746,0.06489,0.08731,1.02933
2018-03-29 00:00:00,0.3604,0.19201,0.0852,0.15425,0.08737,0.06488,0.08755,1.03166
2018-03-30 00:00:00,0.3604,0.19205,0.08517,0.15429,0.08739,0.06487,0.08752,1.03169
2018-03-31 00:00:00,0.3604,0.19209,0.08514,0.15434,0.08741,0.06486,0.08749,1.03173
2018-04-01 00:00:00,0.3604,0.19213,0.0851,0.15438,0.08743,0.06486,0.08746,1.03176
2018-04-02 00:00:00,0.3604,0.19218,0.08507,0.15443,0.08745,0.06485,0.08744,1.03182
2018-04-03 00:00:00,0.3604,0.19222,0.08504,0.15447,0.08747,0.06485,0.08741,1.03186
2018-04-04 00:00:00,0.3604,0.19272,0.08505,0.15496,0.08751,0.06506,0.08775,1.03345
2018-04-05 00:00:00,0.3604,0.19297,0.0857,0.15485,0.08755,0.06506,0.08774,1.03427
2018-04-06 00:00:00,0.3604,0.19338,0.08592,0.155,0.08756,0.06506,0.08807,1.03539
2018-04-07 00:00:00,0.3604,0.19301,0.08583,0.15458,0.08758,0.06509,0.08793,1.03442
2018-04-08 00:00:00,0.3604,0.19264,0.08574,0.15417,0.0876,0.06512,0.0878,1.03347
2018-04-09 00:00:00,0.3604,0.19228,0.08565,0.15375,0.08762,0.06515,0.08767,1.03252
2018-04-10 00:00:00,0.3604,0.19139,0.08566,0.15321,0.08741,0.06489,0.08751,1.03047
2018-04-11 00:00:00,0.3604,0.19104,0.08549,0.15324,0.0875,0.06484,0.08736,1.0298699999999998
2018-04-12 00:00:00,0.3604,0.19198,0.08577,0.15291,0.08753,0.06485,0.08752,1.0309599999999999
2018-04-13 00:00:00,0.3604,0.19208,0.0862,0.15238,0.08743,0.06481,0.08758,1.03088
2018-04-14 00:00:00,0.3604,0.1918,0.0861,0.1522,0.08747,0.06482,0.08757,1.03036
2018-04-15 00:00:00,0.3604,0.19153,0.08601,0.15202,0.08752,0.06483,0.08756,1.02987
2018-04-16 00:00:00,0.3604,0.19125,0.08591,0.15184,0.08757,0.06483,0.08755,1.02935
2018-04-17 00:00:00,0.3604,0.19145,0.08573,0.15167,0.08757,0.06483,0.08748,1.0291299999999999
2018-04-18 00:00:00,0.3604,0.19097,0.08582,0.15274,0.08752,0.06482,0.0875,1.02977
2018-04-19 00:00:00,0.3604,0.19107,0.0859,0.15259,0.08764,0.06476,0.08739,1.02975
2018-04-20 00:00:00,0.3604,0.1922,0.08611,0.15461,0.08853,0.06492,0.08771,1.03448
2018-04-21 00:00:00,0.3604,0.19257,0.08626,0.15492,0.08856,0.06498,0.08791,1.0355999999999999
2018-04-22 00:00:00,0.3604,0.19294,0.08642,0.15524,0.08859,0.06504,0.08811,1.0367399999999998
2018-04-23 00:00:00,0.3604,0.19332,0.08659,0.15556,0.08862,0.0651,0.08831,1.0379
2018-04-24 00:00:00,0.3604,0.19371,0.08712,0.15557,0.08818,0.06507,0.0883,1.0383499999999999
2018-04-25 00:00:00,0.3604,0.19416,0.08739,0.15578,0.08849,0.06525,0.08875,1.04022
2018-04-26 00:00:00,0.3604,0.19443,0.08741,0.15549,0.08822,0.06526,0.08856,1.0397699999999999
2018-04-27 00:00:00,0.3604,0.19601,0.08751,0.15784,0.08808,0.06541,0.08853,1.04378
2018-04-28 00:00:00,0.3604,0.19596,0.08752,0.15795,0.08818,0.06541,0.08853,1.0439500000000002
2018-04-29 00:00:00,0.3604,0.19591,0.08754,0.15807,0.08829,0.06541,0.08852,1.0441399999999998
2018-04-30 00:00:00,0.3604,0.19586,0.08755,0.15819,0.08839,0.06541,0.08852,1.04432
2018-05-01 00:00:00,0.3604,0.19645,0.08772,0.15873,0.08857,0.06551,0.08881,1.0461900000000002
2018-05-02 00:00:00,0.3604,0.19703,0.08789,0.15928,0.08875,0.06562,0.0891,1.04807
2018-05-03 00:00:00,0.3604,0.19728,0.08746,0.15973,0.08857,0.06551,0.08886,1.04781
2018-05-04 00:00:00,0.3604,0.19766,0.08719,0.16014,0.08886,0.06562,0.08903,1.0489
2018-05-05 00:00:00,0.3604,0.19803,0.0873,0.1603,0.08903,0.06564,0.08912,1.04982
2018-05-06 00:00:00,0.3604,0.1984,0.08741,0.16046,0.08921,0.06567,0.0892,1.05075
2018-05-07 00:00:00,0.3604,0.19877,0.08753,0.16063,0.08938,0.0657,0.08928,1.0516899999999998
2018-05-08 00:00:00,0.3604,0.19931,0.08729,0.16092,0.08954,0.06571,0.08933,1.0525
2018-05-09 00:00:00,0.3604,0.19916,0.08776,0.15991,0.08944,0.06569,0.08948,1.05184
2018-05-10 00:00:00,0.3604,0.19917,0.08775,0.16059,0.08919,0.06552,0.08951,1.05213
2018-05-11 00:00:00,0.3604,0.19824,0.08749,0.16018,0.08881,0.06534,0.08904,1.0494999999999999
2018-05-12 00:00:00,0.3604,0.19794,0.08754,0.16008,0.08881,0.06536,0.08903,1.04916
2018-05-13 00:00:00,0.3604,0.19764,0.0876,0.15999,0.08881,0.06538,0.08901,1.04883
2018-05-14 00:00:00,0.3604,0.19735,0.08765,0.15989,0.08881,0.06539,0.08899,1.0484799999999999
2018-05-15 00:00:00,0.3604,0.19909,0.08809,0.16068,0.08942,0.06565,0.08938,1.05271
2018-05-16 00:00:00,0.3604,0.20076,0.08819,0.16115,0.08945,0.06579,0.08965,1.05539
2018-05-17 00:00:00,0.3604,0.20041,0.08859,0.16073,0.08933,0.06571,0.08961,1.05478
2018-05-18 00:00:00,0.3604,0.20081,0.0888,0.16102,0.08993,0.06582,0.0897,1.0564799999999999
2018-05-19 00:00:00,0.3604,0.20094,0.08888,0.16131,0.08999,0.06584,0.0897,1.0570599999999999
2018-05-20 00:00:00,0.3604,0.20106,0.08897,0.1616,0.09006,0.06587,0.08971,1.0576699999999999
2018-05-21 00:00:00,0.3604,0.20119,0.08906,0.1619,0.09012,0.0659,0.08972,1.05829
2018-05-22 00:00:00,0.3604,0.20059,0.0887,0.16151,0.08987,0.06571,0.08928,1.05606
2018-05-23 00:00:00,0.3604,0.20207,0.08793,0.16318,0.09036,0.06592,0.08983,1.05969
2018-05-24 00:00:00,0.3604,0.20172,0.08767,0.16202,0.08989,0.06587,0.08952,1.0570899999999999
2018-05-25 00:00:00,0.3604,0.20264,0.08757,0.16288,0.08971,0.06594,0.0895,1.05864
2018-05-26 00:00:00,0.3604,0.20282,0.08755,0.16298,0.08951,0.06597,0.08951,1.05874
2018-05-27 00:00:00,0.3604,0.203,0.08754,0.16307,0.08932,0.066,0.08952,1.05885
2018-05-28 00:00:00,0.3604,0.20318,0.08753,0.16317,0.08912,0.06603,0.08953,1.05896
2018-05-29 00:00:00,0.3604,0.20469,0.08718,0.16378,0.08913,0.06622,0.08991,1.06131
2018-05-30 00:00:00,0.3604,0.20339,0.08723,0.1634,0.08866,0.06624,0.08947,1.05879
2018-05-31 00:00:00,0.3604,0.20222,0.08712,0.1628,0.08841,0.06611,0.08934,1.0564
2018-06-01 00:00:00,0.3604,0.20274,0.08762,0.16322,0.08823,0.06622,0.08935,1.0577800000000002
2018-06-02 00:00:00,0.3604,0.20235,0.08761,0.1629,0.08821,0.06617,0.08925,1.0568899999999999
2018-06-03 00:00:00,0.3604,0.20196,0.0876,0.16258,0.0882,0.06613,0.08915,1.0560200000000002
2018-06-04 00:00:00,0.3604,0.20157,0.08759,0.16226,0.08818,0.06608,0.08905,1.05513
2018-06-05 00:00:00,0.3604,0.20264,0.08781,0.1626,0.08825,0.06608,0.08917,1.05695
2018-06-06 00:00:00,0.3604,0.20109,0.08815,0.1619,0.08808,0.06598,0.08901,1.05461
2018-06-07 00:00:00,0.3604,0.19988,0.08809,0.16173,0.08822,0.06596,0.08888,1.05316
2018-06-08 00:00:00,0.3604,0.20128,0.0876,0.16214,0.08855,0.06613,0.08919,1.05529
2018-06-09 00:00:00,0.3604,0.20107,0.08774,0.16225,0.08865,0.06612,0.08916,1.05539
2018-06-10 00:00:00,0.3604,0.20087,0.08787,0.16236,0.08874,0.06611,0.08914,1.0554899999999998
2018-06-11 00:00:00,0.3604,0.20066,0.088,0.16247,0.08884,0.06609,0.08911,1.05557
2018-06-12 00:00:00,0.3604,0.2007,0.08829,0.16249,0.08879,0.06608,0.08913,1.05588
2018-06-13 00:00:00,0.3604,0.2011,0.08847,0.16288,0.08876,0.06604,0.08916,1.05681
2018-06-14 00:00:00,0.3604,0.20169,0.08813,0.16238,0.08857,0.06598,0.08916,1.05631
2018-06-15 00:00:00,0.3604,0.20402,0.08857,0.16357,0.08893,0.06626,0.08992,1.06167
2018-06-16 00:00:00,0.3604,0.20392,0.08852,0.1637,0.08912,0.06632,0.09,1.0619800000000001
2018-06-17 00:00:00,0.3604,0.20382,0.08846,0.16383,0.0893,0.06638,0.09007,1.06226
2018-06-18 00:00:00,0.3604,0.20372,0.08841,0.16396,0.08949,0.06644,0.09014,1.06256
2018-06-19 00:00:00,0.3604,0.20511,0.08798,0.16516,0.09004,0.06689,0.09079,1.0663699999999998
2018-06-20 00:00:00,0.3604,0.20434,0.08807,0.16488,0.08961,0.0668,0.09063,1.06473
2018-06-21 00:00:00,0.3604,0.20504,0.08852,0.16449,0.08959,0.06705,0.09092,1.06601
2018-06-22 00:00:00,0.3604,0.20311,0.08817,0.16348,0.08966,0.06705,0.09069,1.0625599999999997
2018-06-23 00:00:00,0.3604,0.20281,0.08802,0.16348,0.08977,0.06718,0.09076,1.06242
2018-06-24 00:00:00,0.3604,0.2025,0.08786,0.16347,0.08988,0.06731,0.09083,1.06225
2018-06-25 00:00:00,0.3604,0.2022,0.08771,0.16346,0.08998,0.06744,0.0909,1.0620899999999998
2018-06-26 00:00:00,0.3604,0.20269,0.08775,0.16407,0.09013,0.06785,0.0909,1.06379
2018-06-27 00:00:00,0.3604,0.20367,0.08826,0.16489,0.09021,0.06809,0.091,1.06652
2018-06-28 00:00:00,0.3604,0.20425,0.0882,0.16601,0.09109,0.06835,0.09125,1.06955
2018-06-29 00:00:00,0.3604,0.20293,0.0886,0.1651,0.09081,0.0683,0.09103,1.06717
2018-06-30 00:00:00,0.3604,0.20304,0.08861,0.16522,0.09105,0.06846,0.09114,1.06792
2018-07-01 00:00:00,0.3604,0.20315,0.08861,0.16533,0.0913,0.06862,0.09124,1.06865
2018-07-02 00:00:00,0.3604,0.20326,0.08862,0.16545,0.09154,0.06878,0.09135,1.0694
2018-07-03 00:00:00,0.3604,0.20281,0.08858,0.16453,0.09137,0.06854,0.09112,1.06735
2018-07-04 00:00:00,0.3604,0.20321,0.08845,0.1644,0.09124,0.06843,0.09113,1.0672599999999999
2018-07-05 00:00:00,0.3604,0.20205,0.08855,0.16383,0.09144,0.06845,0.09103,1.06575
2018-07-06 00:00:00,0.3604,0.20179,0.08852,0.16415,0.09135,0.06859,0.09081,1.0656100000000002
2018-07-07 00:00:00,0.3604,0.20142,0.08848,0.16369,0.09125,0.06848,0.09065,1.06437
2018-07-08 00:00:00,0.3604,0.20105,0.08845,0.16324,0.09116,0.06836,0.09048,1.06314
2018-07-09 00:00:00,0.3604,0.20068,0.08841,0.16279,0.09106,0.06824,0.09032,1.0619
2018-07-10 00:00:00,0.3604,0.20198,0.08904,0.16383,0.09118,0.06851,0.09059,1.06553
2018-07-11 00:00:00,0.3604,0.2016,0.08903,0.16379,0.09132,0.0689,0.09084,1.06588
2018-07-12 00:00:00,0.3604,0.20293,0.09003,0.16446,0.09143,0.06884,0.09099,1.06908
2018-07-13 00:00:00,0.3604,0.20319,0.09009,0.16509,0.09166,0.06914,0.09128,1.0708499999999999
2018-07-14 00:00:00,0.3604,0.20275,0.09003,0.1646,0.09156,0.06906,0.09115,1.06955
2018-07-15 00:00:00,0.3604,0.2023,0.08997,0.1641,0.09147,0.06899,0.09101,1.0682399999999999
2018-07-16 00:00:00,0.3604,0.20186,0.08991,0.16361,0.09138,0.06891,0.09088,1.06695
2018-07-17 00:00:00,0.3604,0.20208,0.09012,0.16463,0.09135,0.06903,0.09091,1.06852
2018-07-18 00:00:00,0.3604,0.20375,0.09025,0.16673,0.09157,0.06935,0.09132,1.07337
2018-07-19 00:00:00,0.3604,0.20416,0.09047,0.1674,0.09202,0.06995,0.09166,1.07606
2018-07-20 00:00:00,0.3604,0.20272,0.08981,0.16649,0.09229,0.07004,0.0913,1.07305
2018-07-21 00:00:00,0.3604,0.20246,0.08952,0.1661,0.09223,0.07003,0.09122,1.0719600000000002
2018-07-22 00:00:00,0.3604,0.20219,0.08923,0.16572,0.09217,0.07003,0.09114,1.07088
2018-07-23 00:00:00,0.3604,0.20193,0.08894,0.16533,0.09211,0.07002,0.09105,1.06978
2018-07-24 00:00:00,0.3604,0.2021,0.08893,0.16549,0.09217,0.07013,0.09106,1.07028
2018-07-25 00:00:00,0.3604,0.20238,0.08888,0.16511,0.09182,0.06977,0.09098,1.06934
2018-07-26 00:00:00,0.3604,0.20193,0.08876,0.16475,0.09189,0.06998,0.09085,1.06856
2018-07-27 00:00:00,0.3604,0.20351,0.089,0.16598,0.09165,0.07052,0.09108,1.07214
2018-07-28 00:00:00,0.3604,0.20317,0.08897,0.16585,0.09159,0.07048,0.09103,1.07149
2018-07-29 00:00:00,0.3604,0.20282,0.08894,0.16572,0.09154,0.07044,0.09098,1.07084
2018-07-30 00:00:00,0.3604,0.20248,0.08892,0.1656,0.09148,0.0704,0.09093,1.07021
2018-07-31 00:00:00,0.3604,0.20158,0.08924,0.16514,0.09167,0.07049,0.09088,1.0694000000000001
2018-08-01 00:00:00,0.3604,0.20227,0.08952,0.16537,0.09179,0.07015,0.09088,1.07038
2018-08-02 00:00:00,0.3604,0.20365,0.08918,0.16669,0.09202,0.07063,0.09124,1.07381
2018-08-03 00:00:00,0.3604,0.20416,0.08931,0.16693,0.09194,0.07052,0.09125,1.07451
2018-08-04 00:00:00,0.3604,0.20442,0.08929,0.16729,0.09196,0.07057,0.09129,1.07522
2018-08-05 00:00:00,0.3604,0.20469,0.08926,0.16765,0.09197,0.07062,0.09133,1.07592
2018-08-06 00:00:00,0.3604,0.20495,0.08923,0.16801,0.09199,0.07068,0.09138,1.07664
2018-08-07 00:00:00,0.3604,0.20391,0.08892,0.16754,0.09173,0.07041,0.09104,1.07395
2018-08-08 00:00:00,0.3604,0.20414,0.08891,0.16886,0.09176,0.07054,0.0911,1.0757100000000002
2018-08-09 00:00:00,0.3604,0.20407,0.08896,0.16853,0.0916,0.07036,0.09102,1.07494
2018-08-10 00:00:00,0.3604,0.20651,0.08879,0.17004,0.09202,0.07068,0.09154,1.07998
2018-08-11 00:00:00,0.3604,0.20683,0.0887,0.17008,0.09227,0.07081,0.09165,1.08074
2018-08-12 00:00:00,0.3604,0.20715,0.08861,0.17013,0.09253,0.07094,0.09175,1.08151
2018-08-13 00:00:00,0.3604,0.20747,0.08852,0.17017,0.09278,0.07107,0.09186,1.0822699999999998
2018-08-14 00:00:00,0.3604,0.20742,0.08872,0.17007,0.09268,0.071,0.09171,1.082
2018-08-15 00:00:00,0.3604,0.20897,0.08885,0.17102,0.09281,0.07136,0.09215,1.08556
2018-08-16 00:00:00,0.3604,0.20807,0.08872,0.17099,0.09287,0.07115,0.09188,1.0840800000000002
2018-08-17 00:00:00,0.3604,0.20769,0.08836,0.17082,0.09305,0.07104,0.09173,1.0830899999999999
2018-08-18 00:00:00,0.3604,0.20751,0.08841,0.17061,0.09295,0.07095,0.09168,1.08251
2018-08-19 00:00:00,0.3604,0.20734,0.08845,0.17041,0.09285,0.07087,0.09163,1.08195
2018-08-20 00:00:00,0.3604,0.20716,0.08849,0.1702,0.09275,0.07079,0.09158,1.0813700000000002
2018-08-21 00:00:00,0.3604,0.20569,0.08839,0.16948,0.09278,0.07064,0.09134,1.07872
2018-08-22 00:00:00,0.3604,0.20367,0.08826,0.16817,0.09268,0.07059,0.09115,1.07492
2018-08-23 00:00:00,0.3604,0.20432,0.0887,0.16861,0.093,0.07097,0.09147,1.07747
2018-08-24 00:00:00,0.3604,0.20416,0.08909,0.16909,0.09299,0.07063,0.09139,1.07775
2018-08-25 00:00:00,0.3604,0.2039,0.08901,0.16897,0.09299,0.07056,0.09131,1.07714
2018-08-26 00:00:00,0.3604,0.20363,0.08894,0.16886,0.09299,0.07049,0.09124,1.0765500000000001
2018-08-27 00:00:00,0.3604,0.20337,0.08887,0.16874,0.09298,0.07042,0.09116,1.07594
2018-08-28 00:00:00,0.3604,0.20203,0.08888,0.16822,0.09295,0.07018,0.09091,1.07357
2018-08-29 00:00:00,0.3604,0.2029,0.08906,0.1686,0.09316,0.07046,0.09127,1.07585
2018-08-30 00:00:00,0.3604,0.20234,0.08922,0.16676,0.09338,0.0705,0.09118,1.07378
2018-08-31 00:00:00,0.3604,0.20306,0.08866,0.16731,0.09401,0.07055,0.09148,1.07547
2018-09-01 00:00:00,0.3604,0.2033,0.08876,0.16778,0.09423,0.07051,0.09151,1.0764900000000002
2018-09-02 00:00:00,0.3604,0.20354,0.08886,0.16824,0.09446,0.07046,0.09155,1.07751
2018-09-03 00:00:00,0.3604,0.20379,0.08897,0.1687,0.09468,0.07041,0.09158,1.0785299999999998
2018-09-04 00:00:00,0.3604,0.20462,0.08903,0.1692,0.09494,0.07057,0.09187,1.08063
2018-09-05 00:00:00,0.3604,0.20426,0.08927,0.16941,0.09494,0.0705,0.09203,1.08081
2018-09-06 00:00:00,0.3604,0.20335,0.08913,0.16772,0.09466,0.07047,0.09182,1.07755
2018-09-07 00:00:00,0.3604,0.20368,0.08872,0.16696,0.09421,0.0706,0.09183,1.0764
2018-09-08 00:00:00,0.3604,0.20394,0.08879,0.16722,0.09428,0.07067,0.09193,1.0772300000000001
2018-09-09 00:00:00,0.3604,0.2042,0.08885,0.16747,0.09435,0.07075,0.09202,1.07804
2018-09-10 00:00:00,0.3604,0.20446,0.08892,0.16772,0.09443,0.07082,0.09212,1.07887
2018-09-11 00:00:00,0.3604,0.20441,0.08909,0.16717,0.09453,0.07087,0.09197,1.07844
2018-09-12 00:00:00,0.3604,0.20421,0.08922,0.16693,0.09424,0.07089,0.09189,1.07778
2018-09-13 00:00:00,0.3604,0.2036,0.08933,0.16638,0.0941,0.07063,0.09157,1.07601
2018-09-14 00:00:00,0.3604,0.20239,0.08954,0.16582,0.09411,0.07073,0.09145,1.0744399999999998
2018-09-15 00:00:00,0.3604,0.2025,0.08959,0.16569,0.09425,0.07077,0.09151,1.07471
2018-09-16 00:00:00,0.3604,0.2026,0.08965,0.16555,0.09438,0.07081,0.09157,1.07496
2018-09-17 00:00:00,0.3604,0.20271,0.0897,0.16542,0.09451,0.07085,0.09162,1.07521
2018-09-18 00:00:00,0.3604,0.20226,0.08979,0.16521,0.09445,0.07085,0.0915,1.07446
2018-09-19 00:00:00,0.3604,0.20278,0.08983,0.16536,0.09456,0.07074,0.09152,1.07519
2018-09-20 00:00:00,0.3604,0.20102,0.08976,0.16351,0.09437,0.07063,0.09113,1.07082
2018-09-21 00:00:00,0.3604,0.20119,0.09015,0.16515,0.0942,0.07064,0.09108,1.07281
2018-09-22 00:00:00,0.3604,0.20111,0.09014,0.16512,0.09432,0.07068,0.09108,1.0728499999999999
2018-09-23 00:00:00,0.3604,0.20103,0.09014,0.16509,0.09444,0.07072,0.09108,1.0729
2018-09-24 00:00:00,0.3604,0.20095,0.09013,0.16506,0.09456,0.07075,0.09108,1.07293
2018-09-25 00:00:00,0.3604,0.20088,0.09025,0.16494,0.09484,0.07093,0.09117,1.07341
2018-09-26 00:00:00,0.3604,0.20157,0.09044,0.16487,0.09496,0.07093,0.09116,1.07433
2018-09-27 00:00:00,0.3604,0.20208,0.09036,0.16509,0.09476,0.071,0.09111,1.0747999999999998
2018-09-28 00:00:00,0.3604,0.20437,0.09074,0.1665,0.09473,0.07101,0.09135,1.0791
2018-09-29 00:00:00,0.3604,0.20419,0.0909,0.16658,0.09475,0.07096,0.09139,1.0791700000000002
2018-09-30 00:00:00,0.3604,0.20402,0.09105,0.16665,0.09476,0.07092,0.09144,1.07924
2018-10-01 00:00:00,0.3604,0.20384,0.09121,0.16672,0.09478,0.07088,0.09148,1.07931
2018-10-02 00:00:00,0.3604,0.20495,0.09116,0.16757,0.09564,0.07088,0.09174,1.08234
2018-10-03 00:00:00,0.3604,0.20487,0.09113,0.16722,0.09579,0.07088,0.09186,1.0821500000000002
2018-10-04 00:00:00,0.3604,0.20569,0.09138,0.16729,0.09643,0.07088,0.09211,1.08418
2018-10-05 00:00:00,0.3604,0.20561,0.09115,0.16645,0.0965,0.07088,0.0922,1.08319
2018-10-06 00:00:00,0.3604,0.20578,0.09101,0.16649,0.09658,0.07107,0.09228,1.08361
2018-10-07 00:00:00,0.3604,0.20595,0.09088,0.16652,0.09666,0.07127,0.09236,1.08404
2018-10-08 00:00:00,0.3604,0.20612,0.09074,0.16656,0.09674,0.07147,0.09245,1.08448
2018-10-09 00:00:00,0.3604,0.20689,0.09061,0.16656,0.09721,0.07145,0.09259,1.08571
2018-10-10 00:00:00,0.3604,0.20572,0.09065,0.16518,0.09664,0.07144,0.09233,1.08236
2018-10-11 00:00:00,0.3604,0.20439,0.0899,0.16419,0.09685,0.0713,0.09211,1.07914
2018-10-12 00:00:00,0.3604,0.20441,0.0899,0.16449,0.09666,0.07136,0.0919,1.07912
2018-10-13 00:00:00,0.3604,0.20436,0.08978,0.16471,0.09667,0.07137,0.09191,1.0792000000000002
2018-10-14 00:00:00,0.3604,0.20432,0.08965,0.16493,0.09668,0.07139,0.09191,1.07928
2018-10-15 00:00:00,0.3604,0.20428,0.08953,0.16515,0.09669,0.0714,0.09192,1.07937
2018-10-16 00:00:00,0.3604,0.20418,0.08975,0.16421,0.0964,0.07133,0.09176,1.07803
2018-10-17 00:00:00,0.3604,0.20519,0.08985,0.16569,0.09643,0.07149,0.09187,1.0809199999999999
2018-10-18 00:00:00,0.3604,0.20563,0.09006,0.16586,0.09658,0.0716,0.09205,1.0821800000000001
2018-10-19 00:00:00,0.3604,0.20626,0.09006,0.1667,0.09655,0.07151,0.09196,1.08344
2018-10-20 00:00:00,0.3604,0.20612,0.09013,0.16684,0.09657,0.07155,0.09201,1.08362
2018-10-21 00:00:00,0.3604,0.20597,0.0902,0.16698,0.09659,0.0716,0.09205,1.08379
2018-10-22 00:00:00,0.3604,0.20583,0.09027,0.16711,0.09661,0.07164,0.09209,1.08395
2018-10-23 00:00:00,0.3604,0.20612,0.08979,0.16674,0.09656,0.07157,0.09203,1.08321
2018-10-24 00:00:00,0.3604,0.20773,0.09022,0.16829,0.09661,0.07166,0.09217,1.08708
2018-10-25 00:00:00,0.3604,0.20724,0.08994,0.16846,0.09655,0.07165,0.09207,1.08631
2018-10-26 00:00:00,0.3604,0.20853,0.0897,0.1698,0.09667,0.07167,0.09242,1.08919
2018-10-27 00:00:00,0.3604,0.20831,0.08979,0.16969,0.0967,0.07171,0.09238,1.08898
2018-10-28 00:00:00,0.3604,0.20809,0.08988,0.16958,0.09672,0.07176,0.09235,1.08878
2018-10-29 00:00:00,0.3604,0.20787,0.08997,0.16947,0.09675,0.0718,0.09231,1.08857
2018-10-30 00:00:00,0.3604,0.20804,0.09029,0.17029,0.09671,0.07186,0.0924,1.08999
2018-10-31 00:00:00,0.3604,0.20903,0.09063,0.17057,0.09664,0.07196,0.09259,1.09182
2018-11-01 00:00:00,0.3604,0.20765,0.0903,0.16812,0.09593,0.07159,0.09201,1.086
2018-11-02 00:00:00,0.3604,0.20722,0.09036,0.16719,0.09483,0.07114,0.09172,1.08286
2018-11-03 00:00:00,0.3604,0.2075,0.09047,0.1672,0.09496,0.07126,0.09178,1.08357
2018-11-04 00:00:00,0.3604,0.20779,0.09058,0.16722,0.09508,0.07137,0.09184,1.0842800000000001
2018-11-05 00:00:00,0.3604,0.20807,0.09068,0.16724,0.0952,0.07149,0.0919,1.08498
2018-11-06 00:00:00,0.3604,0.20702,0.09057,0.16597,0.0941,0.07134,0.09168,1.08108
2018-11-07 00:00:00,0.3604,0.20595,0.0906,0.16528,0.09268,0.07135,0.09142,1.07768
2018-11-08 00:00:00,0.3604,0.20709,0.09102,0.16574,0.09243,0.07153,0.09153,1.0797400000000001
2018-11-09 00:00:00,0.3604,0.20851,0.09119,0.16667,0.09335,0.07171,0.09195,1.08378
2018-11-10 00:00:00,0.3604,0.20901,0.09116,0.16739,0.09361,0.07176,0.09204,1.08537
2018-11-11 00:00:00,0.3604,0.20951,0.09113,0.16812,0.09387,0.07181,0.09213,1.0869700000000002
2018-11-12 00:00:00,0.3604,0.21001,0.09109,0.16885,0.09413,0.07185,0.09222,1.08855
2018-11-13 00:00:00,0.3604,0.21009,0.09121,0.16772,0.09423,0.0718,0.09224,1.08769
2018-11-14 00:00:00,0.3604,0.20944,0.09116,0.1674,0.09387,0.07175,0.09213,1.08615
2018-11-15 00:00:00,0.3604,0.20927,0.09074,0.1698,0.09334,0.0716,0.09195,1.0871000000000002
2018-11-16 00:00:00,0.3604,0.20851,0.09056,0.16915,0.09288,0.07172,0.09186,1.08508
2018-11-17 00:00:00,0.3604,0.20802,0.09047,0.16922,0.09284,0.07169,0.09179,1.08443
2018-11-18 00:00:00,0.3604,0.20753,0.09038,0.16928,0.09279,0.07167,0.09171,1.08376
2018-11-19 00:00:00,0.3604,0.20704,0.09029,0.16935,0.09275,0.07165,0.09163,1.08311
2018-11-20 00:00:00,0.3604,0.20714,0.08995,0.1691,0.0928,0.07164,0.09163,1.08266
2018-11-21 00:00:00,0.3604,0.20736,0.09053,0.16966,0.0928,0.07156,0.09165,1.08396
2018-11-22 00:00:00,0.3604,0.20747,0.09041,0.16878,0.09245,0.07153,0.09164,1.08268
2018-11-23 00:00:00,0.3604,0.2084,0.0903,0.16931,0.09237,0.07169,0.09177,1.0842399999999999
2018-11-24 00:00:00,0.3604,0.20834,0.09042,0.16923,0.09225,0.07166,0.09174,1.08404
2018-11-25 00:00:00,0.3604,0.20827,0.09054,0.16915,0.09214,0.07164,0.09171,1.08385
2018-11-26 00:00:00,0.3604,0.2082,0.09066,0.16907,0.09202,0.07162,0.09168,1.08365
2018-11-27 00:00:00,0.3604,0.20884,0.09091,0.17018,0.09209,0.07169,0.09183,1.0859400000000001
2018-11-28 00:00:00,0.3604,0.20966,0.09113,0.16988,0.0924,0.07175,0.09199,1.08721
2018-11-29 00:00:00,0.3604,0.20776,0.09067,0.17004,0.09119,0.07164,0.09148,1.08318
2018-11-30 00:00:00,0.3604,0.20827,0.0909,0.17033,0.09092,0.07167,0.09158,1.08407
2018-12-01 00:00:00,0.3604,0.20844,0.0909,0.17052,0.09088,0.07148,0.09147,1.08409
2018-12-02 00:00:00,0.3604,0.20861,0.0909,0.17071,0.09085,0.07128,0.09137,1.08412
2018-12-03 00:00:00,0.3604,0.20877,0.09091,0.17089,0.09081,0.07109,0.09126,1.08413
2018-12-04 00:00:00,0.3604,0.20736,0.09028,0.16957,0.09084,0.07053,0.09099,1.07997
2018-12-05 00:00:00,0.3604,0.20837,0.09046,0.17006,0.09151,0.07075,0.09126,1.0828099999999998
2018-12-06 00:00:00,0.3604,0.20842,0.09029,0.17019,0.0923,0.07112,0.09152,1.0842399999999999
2018-12-07 00:00:00,0.3604,0.20806,0.09036,0.17018,0.09199,0.071,0.09149,1.08348
2018-12-08 00:00:00,0.3604,0.20773,0.09032,0.17065,0.09224,0.07111,0.09151,1.08396
2018-12-09 00:00:00,0.3604,0.2074,0.09027,0.17112,0.0925,0.07121,0.09153,1.0844299999999998
2018-12-10 00:00:00,0.3604,0.20707,0.09023,0.17158,0.09276,0.07132,0.09155,1.08491
2018-12-11 00:00:00,0.3604,0.20791,0.09057,0.17225,0.09288,0.07118,0.09163,1.0868200000000001
2018-12-12 00:00:00,0.3604,0.20851,0.09077,0.17257,0.0928,0.07108,0.09166,1.08779
2018-12-13 00:00:00,0.3604,0.20806,0.09085,0.17164,0.09222,0.071,0.09151,1.08568
2018-12-14 00:00:00,0.3604,0.20964,0.09088,0.17292,0.09294,0.07121,0.0919,1.08989
2018-12-15 00:00:00,0.3604,0.20929,0.09081,0.17267,0.09285,0.0712,0.09185,1.0890700000000002
2018-12-16 00:00:00,0.3604,0.20895,0.09073,0.17242,0.09275,0.07118,0.09181,1.08824
2018-12-17 00:00:00,0.3604,0.20861,0.09065,0.17218,0.09265,0.07117,0.09176,1.08742
2018-12-18 00:00:00,0.3604,0.20795,0.08996,0.1713,0.09204,0.07115,0.09148,1.0842800000000001
2018-12-19 00:00:00,0.3604,0.20743,0.08991,0.17202,0.09181,0.07119,0.09145,1.08421
2018-12-20 00:00:00,0.3604,0.2066,0.08943,0.17137,0.09184,0.07106,0.09141,1.0821100000000001
2018-12-21 00:00:00,0.3604,0.20727,0.08905,0.17169,0.09299,0.07126,0.09149,1.08415
2018-12-22 00:00:00,0.3604,0.20731,0.08895,0.17161,0.09291,0.07124,0.09153,1.08395
2018-12-23 00:00:00,0.3604,0.20734,0.08884,0.17153,0.09282,0.07123,0.09157,1.08373
2018-12-24 00:00:00,0.3604,0.20738,0.08874,0.17145,0.09274,0.07121,0.09162,1.08354
2018-12-25 00:00:00,0.3604,0.20757,0.08874,0.17162,0.09276,0.07109,0.09162,1.0837999999999999
2018-12-26 00:00:00,0.3604,0.20776,0.08874,0.1718,0.09278,0.07096,0.09163,1.08407
2018-12-27 00:00:00,0.3604,0.20795,0.08875,0.17198,0.0928,0.07084,0.09164,1.08436
2018-12-28 00:00:00,0.3604,0.20655,0.08833,0.1712,0.09235,0.07097,0.09117,1.0809700000000002
2018-12-29 00:00:00,0.3604,0.20657,0.08821,0.1707,0.0921,0.07097,0.09108,1.0800299999999998
2018-12-30 00:00:00,0.3604,0.2066,0.0881,0.17021,0.09185,0.07097,0.091,1.07913
2018-12-31 00:00:00,0.3604,0.20662,0.08798,0.16971,0.09161,0.07097,0.09091,1.0782
2019-01-01 00:00:00,0.3604,0.2071,0.08763,0.17078,0.09177,0.07087,0.09101,1.0795599999999999
2019-01-02 00:00:00,0.3604,0.20758,0.08729,0.17185,0.09194,0.07077,0.09112,1.0809499999999999
2019-01-03 00:00:00,0.3604,0.20848,0.0862,0.17288,0.0916,0.07094,0.09119,1.08169
2019-01-04 00:00:00,0.3604,0.20747,0.08648,0.17143,0.09054,0.07083,0.09089,1.0780399999999999
2019-01-05 00:00:00,0.3604,0.20722,0.08654,0.17105,0.09021,0.07079,0.0908,1.0770100000000002
2019-01-06 00:00:00,0.3604,0.20696,0.0866,0.17067,0.08988,0.07075,0.0907,1.0759599999999998
2019-01-07 00:00:00,0.3604,0.20671,0.08665,0.17029,0.08955,0.0707,0.0906,1.0749
2019-01-08 00:00:00,0.3604,0.2068,0.08708,0.17041,0.08992,0.07072,0.09074,1.07607
2019-01-09 00:00:00,0.3604,0.20653,0.08714,0.17051,0.08979,0.07046,0.09053,1.0753599999999999
2019-01-10 00:00:00,0.3604,0.2051,0.08653,0.17028,0.0895,0.06996,0.0902,1.07197
2019-01-11 00:00:00,0.3604,0.20513,0.08669,0.16954,0.08955,0.06972,0.09021,1.07124
2019-01-12 00:00:00,0.3604,0.20552,0.08663,0.1694,0.08963,0.06975,0.09027,1.0715999999999999
2019-01-13 00:00:00,0.3604,0.20592,0.08657,0.16925,0.08971,0.06979,0.09033,1.0719699999999999
2019-01-14 00:00:00,0.3604,0.20631,0.08651,0.1691,0.08979,0.06982,0.09039,1.0723200000000002
2019-01-15 00:00:00,0.3604,0.20709,0.0869,0.16928,0.08979,0.06976,0.09043,1.07365
2019-01-16 00:00:00,0.3604,0.20773,0.08709,0.16897,0.08995,0.06978,0.0905,1.07442
2019-01-17 00:00:00,0.3604,0.2076,0.08706,0.16824,0.09014,0.06987,0.09052,1.07383
2019-01-18 00:00:00,0.3604,0.20749,0.0876,0.16789,0.09028,0.06995,0.09054,1.07415
2019-01-19 00:00:00,0.3604,0.20773,0.08766,0.1682,0.09036,0.07001,0.09063,1.0749900000000001
2019-01-20 00:00:00,0.3604,0.20798,0.08772,0.16851,0.09045,0.07008,0.09073,1.07587
2019-01-21 00:00:00,0.3604,0.20822,0.08778,0.16882,0.09053,0.07014,0.09082,1.0767099999999998
2019-01-22 00:00:00,0.3604,0.20837,0.08759,0.16836,0.09048,0.07025,0.09086,1.07631
2019-01-23 00:00:00,0.3604,0.20813,0.08781,0.16667,0.0901,0.07003,0.09074,1.07388
2019-01-24 00:00:00,0.3604,0.20861,0.08782,0.1668,0.09005,0.07009,0.09083,1.0746
2019-01-25 00:00:00,0.3604,0.20851,0.08799,0.16576,0.08954,0.06975,0.09057,1.07252
2019-01-26 00:00:00,0.3604,0.20807,0.08785,0.16561,0.08949,0.0697,0.0905,1.07162
2019-01-27 00:00:00,0.3604,0.20764,0.08772,0.16546,0.08944,0.06964,0.09043,1.07073
2019-01-28 00:00:00,0.3604,0.2072,0.08759,0.1653,0.08939,0.06958,0.09037,1.0698299999999998
2019-01-29 00:00:00,0.3604,0.20713,0.08762,0.16495,0.08957,0.06949,0.09027,1.06943
2019-01-30 00:00:00,0.3604,0.207,0.0876,0.16601,0.08982,0.06931,0.0902,1.07034
2019-01-31 00:00:00,0.3604,0.20594,0.08696,0.1656,0.08843,0.06917,0.08984,1.06634
2019-02-01 00:00:00,0.3604,0.20624,0.08716,0.16643,0.08872,0.0695,0.09005,1.0685
2019-02-02 00:00:00,0.3604,0.2064,0.08743,0.16643,0.08884,0.06953,0.09015,1.06918
2019-02-03 00:00:00,0.3604,0.20655,0.08769,0.16642,0.08896,0.06956,0.09025,1.06983
2019-02-04 00:00:00,0.3604,0.20671,0.08796,0.16641,0.08908,0.0696,0.09035,1.07051
2019-02-05 00:00:00,0.3604,0.20711,0.088,0.16697,0.08884,0.0695,0.09027,1.0710899999999999
2019-02-06 00:00:00,0.3604,0.20764,0.08785,0.16752,0.0885,0.0696,0.09035,1.07186
2019-02-07 00:00:00,0.3604,0.20853,0.08778,0.16802,0.089,0.0696,0.09054,1.0738699999999999
2019-02-08 00:00:00,0.3604,0.20851,0.08788,0.1675,0.08877,0.0696,0.09047,1.07313
2019-02-09 00:00:00,0.3604,0.20874,0.08799,0.16777,0.08902,0.06975,0.09055,1.07422
2019-02-10 00:00:00,0.3604,0.20897,0.0881,0.16803,0.08926,0.0699,0.09062,1.0752799999999998
2019-02-11 00:00:00,0.3604,0.2092,0.08821,0.16829,0.08951,0.07006,0.0907,1.07637
2019-02-12 00:00:00,0.3604,0.20944,0.08836,0.16866,0.08943,0.06986,0.09063,1.07678
2019-02-13 00:00:00,0.3604,0.20927,0.08864,0.16823,0.08943,0.0698,0.09058,1.07635
2019-02-14 00:00:00,0.3604,0.20996,0.08888,0.16954,0.08957,0.06991,0.09071,1.07897
2019-02-15 00:00:00,0.3604,0.21011,0.08847,0.16965,0.0899,0.06986,0.09067,1.07906
2019-02-16 00:00:00,0.3604,0.20968,0.08848,0.1691,0.08983,0.06984,0.09062,1.07795
2019-02-17 00:00:00,0.3604,0.20926,0.08848,0.16856,0.08975,0.06982,0.09056,1.07683
2019-02-18 00:00:00,0.3604,0.20884,0.08849,0.16802,0.08967,0.06981,0.09051,1.0757400000000001
2019-02-19 00:00:00,0.3604,0.20947,0.08866,0.16769,0.08965,0.06982,0.09058,1.07627
2019-02-20 00:00:00,0.3604,0.20859,0.08865,0.16652,0.08925,0.06936,0.09021,1.07298
2019-02-21 00:00:00,0.3604,0.20837,0.08862,0.16608,0.08946,0.06932,0.09027,1.0725200000000001
2019-02-22 00:00:00,0.3604,0.2089,0.08875,0.16738,0.08936,0.06934,0.09034,1.07447
2019-02-23 00:00:00,0.3604,0.20872,0.08871,0.16695,0.08928,0.06924,0.09025,1.0735499999999998
2019-02-24 00:00:00,0.3604,0.20853,0.08868,0.16653,0.08919,0.06913,0.09016,1.07262
2019-02-25 00:00:00,0.3604,0.20835,0.08864,0.16611,0.08911,0.06902,0.09008,1.07171
2019-02-26 00:00:00,0.3604,0.20824,0.08872,0.16454,0.08907,0.0691,0.0901,1.07017
2019-02-27 00:00:00,0.3604,0.20778,0.08851,0.16313,0.08915,0.06894,0.08998,1.06789
2019-02-28 00:00:00,0.3604,0.20724,0.08865,0.16333,0.08948,0.06897,0.09,1.06807
2019-03-01 00:00:00,0.3604,0.20784,0.08955,0.16406,0.08973,0.06919,0.0903,1.07107
2019-03-02 00:00:00,0.3604,0.20812,0.08957,0.16415,0.08976,0.06918,0.09035,1.07153
2019-03-03 00:00:00,0.3604,0.2084,0.08959,0.16425,0.08979,0.06917,0.0904,1.072
2019-03-04 00:00:00,0.3604,0.20868,0.0896,0.16435,0.08982,0.06916,0.09046,1.07247
2019-03-05 00:00:00,0.3604,0.20883,0.08959,0.16559,0.08982,0.06916,0.0905,1.07389
2019-03-06 00:00:00,0.3604,0.20927,0.0895,0.16519,0.08997,0.06924,0.09064,1.0742099999999999
2019-03-07 00:00:00,0.3604,0.2099,0.08946,0.16552,0.09019,0.06923,0.09067,1.07537
2019-03-08 00:00:00,0.3604,0.21082,0.08896,0.16629,0.09102,0.06938,0.09077,1.07764
2019-03-09 00:00:00,0.3604,0.21068,0.08895,0.16639,0.09096,0.06938,0.09076,1.07752
2019-03-10 00:00:00,0.3604,0.21054,0.08893,0.1665,0.0909,0.06938,0.09075,1.0774
2019-03-11 00:00:00,0.3604,0.21041,0.08892,0.16661,0.09084,0.06939,0.09074,1.07731
2019-03-12 00:00:00,0.3604,0.20983,0.08893,0.16597,0.09068,0.06923,0.09055,1.0755899999999998
2019-03-13 00:00:00,0.3604,0.20931,0.08915,0.16505,0.0905,0.06921,0.09052,1.0741399999999999
2019-03-14 00:00:00,0.3604,0.20946,0.08936,0.16391,0.0909,0.06941,0.09058,1.07402
2019-03-15 00:00:00,0.3604,0.20921,0.0893,0.16408,0.09075,0.06928,0.09041,1.07343
2019-03-16 00:00:00,0.3604,0.20896,0.08928,0.16404,0.09067,0.06927,0.09034,1.0729600000000001
2019-03-17 00:00:00,0.3604,0.20871,0.08927,0.164,0.09059,0.06927,0.09028,1.07252
2019-03-18 00:00:00,0.3604,0.20846,0.08925,0.16396,0.09051,0.06927,0.09021,1.0720599999999998
2019-03-19 00:00:00,0.3604,0.20829,0.08921,0.16361,0.09011,0.06926,0.09018,1.0710600000000001
2019-03-20 00:00:00,0.3604,0.20837,0.08927,0.16507,0.09005,0.06908,0.09017,1.07241
2019-03-21 00:00:00,0.3604,0.20776,0.08851,0.1653,0.08974,0.06905,0.09,1.0707600000000002
2019-03-22 00:00:00,0.3604,0.20933,0.08825,0.16508,0.09026,0.06927,0.09018,1.07277
2019-03-23 00:00:00,0.3604,0.20918,0.0882,0.16481,0.09022,0.06926,0.09016,1.07223
2019-03-24 00:00:00,0.3604,0.20904,0.08815,0.16454,0.09018,0.06926,0.09013,1.0716999999999999
2019-03-25 00:00:00,0.3604,0.2089,0.0881,0.16426,0.09014,0.06926,0.09011,1.07117
2019-03-26 00:00:00,0.3604,0.20953,0.08842,0.16417,0.09008,0.06929,0.09019,1.0720800000000001
2019-03-27 00:00:00,0.3604,0.21009,0.08844,0.16419,0.09052,0.06939,0.09046,1.0734899999999998
2019-03-28 00:00:00,0.3604,0.21089,0.08859,0.16567,0.0907,0.06953,0.09062,1.0764
2019-03-29 00:00:00,0.3604,0.21057,0.08867,0.16595,0.09052,0.06925,0.09041,1.0757700000000001
2019-03-30 00:00:00,0.3604,0.21057,0.08872,0.16583,0.09049,0.06925,0.0904,1.07566
2019-03-31 00:00:00,0.3604,0.21056,0.08877,0.16572,0.09046,0.06925,0.0904,1.07556
2019-04-01 00:00:00,0.3604,0.21055,0.08882,0.1656,0.09043,0.06925,0.09039,1.07544
2019-04-02 00:00:00,0.3604,0.21123,0.08914,0.1668,0.0904,0.06934,0.09047,1.07778
2019-04-03 00:00:00,0.3604,0.21042,0.08921,0.16498,0.09012,0.06922,0.09031,1.0746600000000002
2019-04-04 00:00:00,0.3604,0.21087,0.08919,0.16539,0.09006,0.0693,0.09037,1.07558
2019-04-05 00:00:00,0.3604,0.21061,0.08939,0.16619,0.08999,0.06931,0.09043,1.07632
2019-04-06 00:00:00,0.3604,0.21053,0.08933,0.16628,0.09,0.06932,0.09045,1.0763099999999999
2019-04-07 00:00:00,0.3604,0.21045,0.08928,0.16638,0.09002,0.06932,0.09047,1.07632
2019-04-08 00:00:00,0.3604,0.21037,0.08923,0.16647,0.09003,0.06933,0.09049,1.0763200000000002
2019-04-09 00:00:00,0.3604,0.20979,0.08909,0.1663,0.08984,0.06925,0.09031,1.07498
2019-04-10 00:00:00,0.3604,0.20975,0.08898,0.16579,0.08995,0.06931,0.09031,1.07449
2019-04-11 00:00:00,0.3604,0.21003,0.08904,0.16617,0.09011,0.06932,0.09041,1.0754800000000002
2019-04-12 00:00:00,0.3604,0.20897,0.08962,0.16557,0.08958,0.06921,0.09033,1.07368
2019-04-13 00:00:00,0.3604,0.20902,0.08962,0.16562,0.08952,0.06921,0.09032,1.0737100000000002
2019-04-14 00:00:00,0.3604,0.20907,0.08962,0.16567,0.08945,0.0692,0.0903,1.0737100000000002
2019-04-15 00:00:00,0.3604,0.20912,0.08962,0.16572,0.08938,0.0692,0.09028,1.07372
2019-04-16 00:00:00,0.3604,0.20927,0.08963,0.166,0.08954,0.06923,0.09037,1.07444
2019-04-17 00:00:00,0.3604,0.20934,0.08961,0.16645,0.08954,0.06902,0.0903,1.07466
2019-04-18 00:00:00,0.3604,0.21029,0.08955,0.16696,0.08927,0.0692,0.0905,1.07617
2019-04-19 00:00:00,0.3604,0.21031,0.08955,0.16697,0.08931,0.06922,0.09052,1.0762800000000001
2019-04-20 00:00:00,0.3604,0.21033,0.08955,0.16698,0.08935,0.06925,0.09054,1.0764
2019-04-21 00:00:00,0.3604,0.21035,0.08956,0.16699,0.08939,0.06928,0.09056,1.07653
2019-04-22 00:00:00,0.3604,0.21037,0.08956,0.16699,0.08943,0.0693,0.09058,1.07663
2019-04-23 00:00:00,0.3604,0.21039,0.08956,0.167,0.08947,0.06933,0.09059,1.07674
2019-04-24 00:00:00,0.3604,0.21106,0.08951,0.16772,0.0896,0.06932,0.09074,1.07835
2019-04-25 00:00:00,0.3604,0.21269,0.08956,0.1688,0.09048,0.06962,0.09117,1.0827200000000001
2019-04-26 00:00:00,0.3604,0.2125,0.08948,0.16847,0.09024,0.0695,0.091,1.08159
2019-04-27 00:00:00,0.3604,0.21239,0.08948,0.16838,0.09025,0.06949,0.09099,1.08138
2019-04-28 00:00:00,0.3604,0.21229,0.08948,0.16829,0.09026,0.06948,0.09097,1.08117
2019-04-29 00:00:00,0.3604,0.21218,0.08948,0.16821,0.09027,0.06947,0.09096,1.08097
2019-04-30 00:00:00,0.3604,0.21089,0.08914,0.16701,0.0904,0.06948,0.09083,1.07815
2019-05-01 00:00:00,0.3604,0.21095,0.08919,0.16675,0.0905,0.06949,0.09085,1.0781300000000003
2019-05-02 00:00:00,0.3604,0.21101,0.08925,0.16648,0.09059,0.06949,0.09086,1.07808
2019-05-03 00:00:00,0.3604,0.21208,0.08927,0.16705,0.09062,0.06949,0.09102,1.07993
2019-05-04 00:00:00,0.3604,0.21181,0.08908,0.16663,0.0907,0.0696,0.09102,1.07924
2019-05-05 00:00:00,0.3604,0.21153,0.0889,0.16621,0.09078,0.06971,0.09101,1.07854
2019-05-06 00:00:00,0.3604,0.21125,0.08872,0.16579,0.09086,0.06981,0.09101,1.07784
2019-05-07 00:00:00,0.3604,0.21151,0.08855,0.16633,0.09078,0.06984,0.09098,1.07839
2019-05-08 00:00:00,0.3604,0.21119,0.08811,0.16695,0.09087,0.06996,0.09093,1.07841
2019-05-09 00:00:00,0.3604,0.21136,0.0879,0.16714,0.09122,0.07041,0.09106,1.0794899999999998
2019-05-10 00:00:00,0.3604,0.21067,0.08785,0.16684,0.09157,0.07041,0.09099,1.07873
2019-05-11 00:00:00,0.3604,0.21057,0.08777,0.16683,0.0916,0.07059,0.09111,1.07887
2019-05-12 00:00:00,0.3604,0.21048,0.08768,0.16682,0.09162,0.07078,0.09124,1.07902
2019-05-13 00:00:00,0.3604,0.21039,0.0876,0.16681,0.09164,0.07096,0.09136,1.0791600000000001
2019-05-14 00:00:00,0.3604,0.21074,0.0877,0.16781,0.09173,0.07101,0.09138,1.08077
2019-05-15 00:00:00,0.3604,0.21155,0.0875,0.16864,0.09192,0.07098,0.09144,1.08243
2019-05-16 00:00:00,0.3604,0.21118,0.08775,0.16959,0.09186,0.07098,0.09142,1.08318
2019-05-17 00:00:00,0.3604,0.21176,0.08765,0.17032,0.09186,0.07134,0.09182,1.08515
2019-05-18 00:00:00,0.3604,0.21179,0.08775,0.17036,0.09192,0.07135,0.09183,1.0854000000000001
2019-05-19 00:00:00,0.3604,0.21182,0.08784,0.1704,0.09197,0.07135,0.09185,1.08563
2019-05-20 00:00:00,0.3604,0.21186,0.08793,0.17044,0.09203,0.07136,0.09187,1.08589
2019-05-21 00:00:00,0.3604,0.21197,0.08841,0.17051,0.09207,0.07126,0.09201,1.08663
2019-05-22 00:00:00,0.3604,0.21178,0.08833,0.17166,0.09233,0.07122,0.09203,1.0877500000000002
2019-05-23 00:00:00,0.3604,0.21239,0.08807,0.17181,0.09205,0.07138,0.09225,1.08835
2019-05-24 00:00:00,0.3604,0.21148,0.08773,0.17149,0.09149,0.07121,0.09192,1.0857199999999998
2019-05-25 00:00:00,0.3604,0.21141,0.08769,0.17138,0.09147,0.0712,0.09187,1.08542
2019-05-26 00:00:00,0.3604,0.21134,0.08765,0.17126,0.09144,0.07119,0.09182,1.0851
2019-05-27 00:00:00,0.3604,0.21127,0.08761,0.17114,0.09141,0.07119,0.09177,1.08479
2019-05-28 00:00:00,0.3604,0.21138,0.08758,0.17152,0.09138,0.07131,0.09198,1.08555
2019-05-29 00:00:00,0.3604,0.21206,0.08747,0.17179,0.09165,0.07129,0.09224,1.0869
2019-05-30 00:00:00,0.3604,0.21248,0.08778,0.17204,0.09154,0.07127,0.09211,1.0876199999999998
2019-05-31 00:00:00,0.3604,0.21216,0.08705,0.17278,0.09111,0.07129,0.09207,1.08686
2019-06-01 00:00:00,0.3604,0.21194,0.08694,0.17255,0.09091,0.07128,0.09188,1.0859
2019-06-02 00:00:00,0.3604,0.21173,0.08683,0.17233,0.09071,0.07128,0.09168,1.08496
2019-06-03 00:00:00,0.3604,0.21151,0.08671,0.17211,0.09051,0.07127,0.09149,1.084
2019-06-04 00:00:00,0.3604,0.21041,0.08658,0.17144,0.09041,0.07129,0.09141,1.0819400000000001
2019-06-05 00:00:00,0.3604,0.21016,0.08672,0.17103,0.0903,0.07127,0.09112,1.0810000000000002
2019-06-06 00:00:00,0.3604,0.20999,0.08655,0.17075,0.09023,0.07133,0.09104,1.08029
2019-06-07 00:00:00,0.3604,0.20986,0.08682,0.17087,0.09057,0.0713,0.09124,1.0810600000000001
2019-06-08 00:00:00,0.3604,0.20969,0.08687,0.1711,0.09057,0.07138,0.09126,1.08127
2019-06-09 00:00:00,0.3604,0.20952,0.08692,0.17133,0.09056,0.07147,0.09127,1.08147
2019-06-10 00:00:00,0.3604,0.20934,0.08696,0.17155,0.09055,0.07155,0.09129,1.0816400000000002
2019-06-11 00:00:00,0.3604,0.20899,0.08704,0.17095,0.09051,0.07132,0.0911,1.0803099999999999
2019-06-12 00:00:00,0.3604,0.20894,0.08675,0.17037,0.09053,0.07139,0.09107,1.07945
2019-06-13 00:00:00,0.3604,0.20957,0.08682,0.17116,0.09086,0.07143,0.09121,1.0814499999999998
2019-06-14 00:00:00,0.3604,0.21001,0.08662,0.1718,0.09101,0.07144,0.09129,1.08257
2019-06-15 00:00:00,0.3604,0.21021,0.08673,0.17203,0.09105,0.07145,0.09136,1.08323
2019-06-16 00:00:00,0.3604,0.2104,0.08685,0.17226,0.09109,0.07145,0.09144,1.08389
2019-06-17 00:00:00,0.3604,0.21059,0.08697,0.1725,0.09113,0.07145,0.09152,1.08456
2019-06-18 00:00:00,0.3604,0.21148,0.08663,0.1736,0.09105,0.07147,0.09153,1.08616
2019-06-19 00:00:00,0.3604,0.2111,0.08677,0.17255,0.09071,0.07124,0.09128,1.08405
2019-06-20 00:00:00,0.3604,0.20923,0.08616,0.17128,0.09016,0.07073,0.09055,1.0785099999999999
2019-06-21 00:00:00,0.3604,0.20907,0.08604,0.17166,0.08981,0.07093,0.09063,1.0785400000000003
2019-06-22 00:00:00,0.3604,0.20859,0.08599,0.17123,0.08986,0.07094,0.09056,1.07757
2019-06-23 00:00:00,0.3604,0.20811,0.08594,0.1708,0.08991,0.07095,0.09048,1.07659
2019-06-24 00:00:00,0.3604,0.20764,0.08588,0.17037,0.08996,0.07096,0.0904,1.07561
2019-06-25 00:00:00,0.3604,0.20774,0.08573,0.17069,0.08996,0.07099,0.09035,1.07586
2019-06-26 00:00:00,0.3604,0.20822,0.08623,0.17131,0.09006,0.07096,0.09041,1.07759
2019-06-27 00:00:00,0.3604,0.20807,0.08634,0.17085,0.08989,0.07097,0.09038,1.0769
2019-06-28 00:00:00,0.3604,0.20789,0.08623,0.17114,0.08984,0.07089,0.09032,1.07671
2019-06-29 00:00:00,0.3604,0.20808,0.08639,0.17133,0.0898,0.0708,0.09033,1.07713
2019-06-30 00:00:00,0.3604,0.20827,0.08655,0.17153,0.08976,0.0707,0.09034,1.07755
2019-07-01 00:00:00,0.3604,0.20846,0.0867,0.17172,0.08971,0.0706,0.09035,1.07794
2019-07-02 00:00:00,0.3604,0.20934,0.08667,0.17193,0.08987,0.07095,0.09049,1.07965
2019-07-03 00:00:00,0.3604,0.20949,0.0862,0.17264,0.0899,0.071,0.09056,1.08019
2019-07-04 00:00:00,0.3604,0.20958,0.08626,0.17268,0.08989,0.0709,0.09053,1.0802399999999999
2019-07-05 00:00:00,0.3604,0.21011,0.08656,0.17305,0.08976,0.07095,0.09061,1.08144
2019-07-06 00:00:00,0.3604,0.21039,0.08669,0.17323,0.08974,0.07097,0.09066,1.0820800000000002
2019-07-07 00:00:00,0.3604,0.21067,0.08681,0.17342,0.08972,0.07099,0.09071,1.0827200000000001
2019-07-08 00:00:00,0.3604,0.21095,0.08693,0.1736,0.0897,0.071,0.09076,1.08334
2019-07-09 00:00:00,0.3604,0.21114,0.0871,0.17443,0.08982,0.07105,0.09086,1.0847999999999998
2019-07-10 00:00:00,0.3604,0.21086,0.08718,0.17411,0.08982,0.07102,0.09086,1.08425
2019-07-11 00:00:00,0.3604,0.20964,0.08649,0.17284,0.08941,0.07084,0.09044,1.08006
2019-07-12 00:00:00,0.3604,0.21024,0.08666,0.17333,0.08923,0.071,0.09082,1.08168
2019-07-13 00:00:00,0.3604,0.21014,0.08657,0.1733,0.08903,0.07098,0.09073,1.08115
2019-07-14 00:00:00,0.3604,0.21004,0.08648,0.17327,0.08883,0.07097,0.09063,1.0806200000000001
2019-07-15 00:00:00,0.3604,0.20994,0.08639,0.17324,0.08863,0.07095,0.09054,1.0800899999999998
2019-07-16 00:00:00,0.3604,0.2108,0.08639,0.1747,0.08862,0.07097,0.09062,1.0824999999999998
2019-07-17 00:00:00,0.3604,0.21095,0.08666,0.17498,0.08887,0.07096,0.09092,1.0837400000000001
2019-07-18 00:00:00,0.3604,0.21093,0.08627,0.17402,0.08881,0.07099,0.09084,1.08226
2019-07-19 00:00:00,0.3604,0.21074,0.08623,0.17345,0.08869,0.07097,0.09075,1.0812300000000001
2019-07-20 00:00:00,0.3604,0.21081,0.08628,0.17372,0.08868,0.07098,0.09078,1.08165
2019-07-21 00:00:00,0.3604,0.21088,0.08633,0.17399,0.08866,0.07099,0.09081,1.08206
2019-07-22 00:00:00,0.3604,0.21095,0.08638,0.17426,0.08865,0.071,0.09084,1.0824799999999999
2019-07-23 00:00:00,0.3604,0.21174,0.08656,0.17465,0.08875,0.07098,0.09105,1.08413
2019-07-24 00:00:00,0.3604,0.21237,0.08652,0.17383,0.08884,0.07094,0.09107,1.08397
2019-07-25 00:00:00,0.3604,0.21285,0.08653,0.17386,0.08885,0.07092,0.09117,1.08458
2019-07-26 00:00:00,0.3604,0.21241,0.087,0.17481,0.08886,0.07097,0.09136,1.08581
2019-07-27 00:00:00,0.3604,0.21253,0.08699,0.17544,0.08895,0.07102,0.09143,1.08676
2019-07-28 00:00:00,0.3604,0.21265,0.08698,0.17607,0.08903,0.07108,0.0915,1.08771
2019-07-29 00:00:00,0.3604,0.21277,0.08697,0.17669,0.08912,0.07113,0.09157,1.08865
2019-07-30 00:00:00,0.3604,0.2121,0.08683,0.1785,0.08912,0.07101,0.09148,1.08944
2019-07-31 00:00:00,0.3604,0.21216,0.08689,0.17849,0.08916,0.07101,0.09137,1.08948
2019-08-01 00:00:00,0.3604,0.21435,0.08716,0.1794,0.08999,0.07122,0.09181,1.09433
2019-08-02 00:00:00,0.3604,0.21302,0.08546,0.17898,0.09028,0.07159,0.09191,1.0916400000000002
2019-08-03 00:00:00,0.3604,0.21253,0.08527,0.17881,0.09052,0.07194,0.09203,1.0915
2019-08-04 00:00:00,0.3604,0.21205,0.08509,0.17865,0.09076,0.07228,0.09215,1.09138
2019-08-05 00:00:00,0.3604,0.21157,0.0849,0.17849,0.091,0.07263,0.09226,1.0912499999999998
2019-08-06 00:00:00,0.3604,0.21148,0.08522,0.17831,0.09068,0.07242,0.09215,1.09066
2019-08-07 00:00:00,0.3604,0.21119,0.08466,0.17909,0.09046,0.07273,0.09232,1.0908499999999999
2019-08-08 00:00:00,0.3604,0.21136,0.08484,0.17877,0.09032,0.07271,0.09235,1.0907499999999999
2019-08-09 00:00:00,0.3604,0.21127,0.08471,0.18006,0.0902,0.07283,0.0923,1.09177
2019-08-10 00:00:00,0.3604,0.21129,0.08453,0.17995,0.09033,0.07283,0.09239,1.09172
2019-08-11 00:00:00,0.3604,0.21132,0.08434,0.17984,0.09046,0.07283,0.09247,1.09166
2019-08-12 00:00:00,0.3604,0.21134,0.08416,0.17972,0.09058,0.07283,0.09256,1.09159
2019-08-13 00:00:00,0.3604,0.21082,0.08417,0.17969,0.09102,0.07292,0.09266,1.09168
2019-08-14 00:00:00,0.3604,0.21146,0.08477,0.17993,0.09055,0.07242,0.09267,1.0922
2019-08-15 00:00:00,0.3604,0.21218,0.08498,0.17897,0.09071,0.07261,0.09271,1.0925599999999998
2019-08-16 00:00:00,0.3604,0.2136,0.08511,0.17854,0.09041,0.07264,0.09256,1.0932600000000001
2019-08-17 00:00:00,0.3604,0.21342,0.08518,0.17875,0.09044,0.07268,0.09252,1.0933899999999999
2019-08-18 00:00:00,0.3604,0.21325,0.08525,0.17896,0.09047,0.07272,0.09249,1.0935400000000002
2019-08-19 00:00:00,0.3604,0.21308,0.08531,0.17918,0.09049,0.07275,0.09245,1.0936599999999999
2019-08-20 00:00:00,0.3604,0.2136,0.08512,0.17969,0.09065,0.07283,0.09253,1.0948200000000001
2019-08-21 00:00:00,0.3604,0.21306,0.08523,0.17909,0.0905,0.07289,0.09231,1.09348
2019-08-22 00:00:00,0.3604,0.21346,0.08532,0.17865,0.09049,0.07311,0.09253,1.0939599999999998
2019-08-23 00:00:00,0.3604,0.21381,0.08521,0.17758,0.09035,0.07315,0.09268,1.09318
2019-08-24 00:00:00,0.3604,0.21348,0.08505,0.17754,0.09042,0.07334,0.09268,1.09291
2019-08-25 00:00:00,0.3604,0.21315,0.08489,0.17749,0.09048,0.07354,0.09268,1.0926300000000002
2019-08-26 00:00:00,0.3604,0.21283,0.08473,0.17745,0.09055,0.07373,0.09268,1.09237
2019-08-27 00:00:00,0.3604,0.21306,0.08465,0.17692,0.09058,0.07389,0.09266,1.09216
2019-08-28 00:00:00,0.3604,0.21346,0.08463,0.17801,0.09058,0.07388,0.09272,1.09368
2019-08-29 00:00:00,0.3604,0.21367,0.08508,0.17762,0.09025,0.0737,0.09258,1.0933000000000002
2019-08-30 00:00:00,0.3604,0.21437,0.08506,0.17826,0.09017,0.07378,0.09263,1.09467
2019-08-31 00:00:00,0.3604,0.21481,0.08509,0.1788,0.09019,0.07385,0.0927,1.09584
2019-09-01 00:00:00,0.3604,0.21525,0.08511,0.17933,0.09021,0.07392,0.09277,1.0969900000000001
2019-09-02 00:00:00,0.3604,0.2157,0.08514,0.17987,0.09023,0.074,0.09284,1.0981800000000002
2019-09-03 00:00:00,0.3604,0.21631,0.08493,0.18051,0.09043,0.07407,0.09301,1.09966
2019-09-04 00:00:00,0.3604,0.21472,0.08502,0.17794,0.08997,0.0738,0.09253,1.09438
2019-09-05 00:00:00,0.3604,0.21394,0.08539,0.17597,0.08971,0.07371,0.09234,1.0914599999999999
2019-09-06 00:00:00,0.3604,0.21455,0.08566,0.17658,0.08954,0.0734,0.0922,1.0923299999999998
2019-09-07 00:00:00,0.3604,0.21451,0.08565,0.17631,0.08946,0.07344,0.09217,1.0919400000000001
2019-09-08 00:00:00,0.3604,0.21447,0.08563,0.17604,0.08938,0.07348,0.09214,1.09154
2019-09-09 00:00:00,0.3604,0.21443,0.08562,0.17577,0.0893,0.07352,0.09212,1.0911600000000001
2019-09-10 00:00:00,0.3604,0.21429,0.08593,0.17571,0.08928,0.07332,0.09208,1.09101
2019-09-11 00:00:00,0.3604,0.21501,0.08621,0.17597,0.08938,0.07344,0.09211,1.09252
2019-09-12 00:00:00,0.3604,0.2158,0.08626,0.17619,0.08878,0.07313,0.0919,1.0924600000000002
2019-09-13 00:00:00,0.3604,0.21321,0.08644,0.17442,0.08877,0.07308,0.09161,1.08793
2019-09-14 00:00:00,0.3604,0.21363,0.0864,0.17438,0.08893,0.07303,0.09165,1.08842
2019-09-15 00:00:00,0.3604,0.21405,0.08636,0.17434,0.08909,0.07297,0.0917,1.08891
2019-09-16 00:00:00,0.3604,0.21447,0.08632,0.1743,0.08925,0.07292,0.09174,1.0894
2019-09-17 00:00:00,0.3604,0.21457,0.08656,0.17497,0.08958,0.07323,0.09188,1.0911899999999999
2019-09-18 00:00:00,0.3604,0.21404,0.08657,0.17436,0.08938,0.07314,0.0917,1.08959
2019-09-19 00:00:00,0.3604,0.21377,0.0864,0.17417,0.08938,0.07321,0.09195,1.08928
2019-09-20 00:00:00,0.3604,0.21449,0.08644,0.17376,0.08935,0.07316,0.09186,1.08946
2019-09-21 00:00:00,0.3604,0.21478,0.0863,0.17407,0.08941,0.07328,0.09191,1.09015
2019-09-22 00:00:00,0.3604,0.21507,0.08617,0.17438,0.08947,0.07341,0.09196,1.09086
2019-09-23 00:00:00,0.3604,0.21537,0.08603,0.1747,0.08954,0.07353,0.09201,1.0915799999999998
2019-09-24 00:00:00,0.3604,0.21501,0.08617,0.17404,0.08971,0.07333,0.09189,1.09055
2019-09-25 00:00:00,0.3604,0.21542,0.08601,0.17539,0.08995,0.07351,0.092,1.09268
2019-09-26 00:00:00,0.3604,0.21629,0.08615,0.17577,0.09006,0.07356,0.09219,1.0944200000000002
2019-09-27 00:00:00,0.3604,0.21635,0.08653,0.17636,0.09005,0.07355,0.09219,1.09543
2019-09-28 00:00:00,0.3604,0.21665,0.0865,0.17647,0.09011,0.0736,0.09224,1.09597
2019-09-29 00:00:00,0.3604,0.21696,0.08647,0.17658,0.09017,0.07366,0.09229,1.09653
2019-09-30 00:00:00,0.3604,0.21726,0.08644,0.1767,0.09024,0.07371,0.09233,1.09708
2019-10-01 00:00:00,0.3604,0.21709,0.08667,0.17731,0.09045,0.07376,0.09255,1.09823
2019-10-02 00:00:00,0.3604,0.21655,0.08607,0.1769,0.09029,0.07376,0.0925,1.09647
2019-10-03 00:00:00,0.3604,0.21603,0.08564,0.17613,0.09009,0.07376,0.09223,1.09428
2019-10-04 00:00:00,0.3604,0.21548,0.08547,0.17618,0.08993,0.07377,0.09206,1.09329
2019-10-05 00:00:00,0.3604,0.21539,0.08548,0.17618,0.08998,0.07377,0.09209,1.0932899999999999
2019-10-06 00:00:00,0.3604,0.2153,0.0855,0.17618,0.09004,0.07376,0.09213,1.09331
2019-10-07 00:00:00,0.3604,0.21521,0.08551,0.17617,0.09009,0.07376,0.09216,1.0933
2019-10-08 00:00:00,0.3604,0.21535,0.08556,0.17755,0.08998,0.07371,0.09218,1.0947299999999998
2019-10-09 00:00:00,0.3604,0.21544,0.08595,0.17774,0.09008,0.07354,0.09213,1.09528
2019-10-10 00:00:00,0.3604,0.21449,0.08601,0.17755,0.08996,0.0735,0.09192,1.09383
2019-10-11 00:00:00,0.3604,0.21423,0.0868,0.17216,0.08981,0.07327,0.09175,1.08842
2019-10-12 00:00:00,0.3604,0.21431,0.08675,0.17252,0.08981,0.07316,0.09164,1.0885900000000002
2019-10-13 00:00:00,0.3604,0.21439,0.08669,0.17289,0.08982,0.07306,0.09152,1.08877
2019-10-14 00:00:00,0.3604,0.21447,0.08664,0.17326,0.08982,0.07295,0.09141,1.08895
2019-10-15 00:00:00,0.3604,0.21494,0.08671,0.17181,0.09005,0.07307,0.09151,1.08849
2019-10-16 00:00:00,0.3604,0.21458,0.08705,0.17055,0.09031,0.07325,0.09167,1.08781
2019-10-17 00:00:00,0.3604,0.21289,0.08702,0.16975,0.08999,0.07303,0.09114,1.0842200000000002
2019-10-18 00:00:00,0.3604,0.21229,0.08689,0.16848,0.08998,0.07309,0.09114,1.0822699999999998
2019-10-19 00:00:00,0.3604,0.21211,0.08689,0.16801,0.08978,0.07306,0.09104,1.0812899999999999
2019-10-20 00:00:00,0.3604,0.21193,0.08689,0.16754,0.08959,0.07302,0.09094,1.0803099999999999
2019-10-21 00:00:00,0.3604,0.21174,0.08689,0.16707,0.0894,0.07298,0.09084,1.07932
2019-10-22 00:00:00,0.3604,0.21256,0.08693,0.16797,0.08925,0.07305,0.09096,1.08112
2019-10-23 00:00:00,0.3604,0.21269,0.08681,0.16875,0.08918,0.07299,0.091,1.08182
2019-10-24 00:00:00,0.3604,0.2126,0.08694,0.16844,0.08923,0.07298,0.09096,1.08155
2019-10-25 00:00:00,0.3604,0.213,0.08691,0.16936,0.08922,0.07295,0.091,1.08284
2019-10-26 00:00:00,0.3604,0.21313,0.08698,0.16929,0.08917,0.07294,0.09099,1.0828999999999998
2019-10-27 00:00:00,0.3604,0.21326,0.08706,0.16922,0.08913,0.07294,0.09097,1.08298
2019-10-28 00:00:00,0.3604,0.21338,0.08713,0.16914,0.08908,0.07293,0.09095,1.08301
2019-10-29 00:00:00,0.3604,0.21323,0.08721,0.16902,0.08933,0.0729,0.09099,1.08308
2019-10-30 00:00:00,0.3604,0.21302,0.0872,0.1686,0.08929,0.07281,0.09102,1.08234
2019-10-31 00:00:00,0.3604,0.2121,0.08664,0.16775,0.08949,0.07266,0.09082,1.07986
2019-11-01 00:00:00,0.3604,0.21239,0.08654,0.16773,0.08926,0.07266,0.09068,1.07966
2019-11-02 00:00:00,0.3604,0.21227,0.08661,0.16787,0.08922,0.07262,0.09066,1.07965
2019-11-03 00:00:00,0.3604,0.21215,0.08668,0.168,0.08917,0.07257,0.09064,1.07961
2019-11-04 00:00:00,0.3604,0.21203,0.08675,0.16814,0.08912,0.07252,0.09062,1.07958
2019-11-05 00:00:00,0.3604,0.21296,0.08713,0.16839,0.08879,0.0722,0.09061,1.08048
2019-11-06 00:00:00,0.3604,0.21333,0.08725,0.16852,0.08909,0.0722,0.09069,1.08148
2019-11-07 00:00:00,0.3604,0.21358,0.08736,0.16952,0.08896,0.07198,0.09062,1.08242
2019-11-08 00:00:00,0.3604,0.21441,0.08757,0.16962,0.08909,0.07211,0.09077,1.08397
2019-11-09 00:00:00,0.3604,0.21436,0.08745,0.16931,0.08922,0.07219,0.0908,1.0837299999999999
2019-11-10 00:00:00,0.3604,0.21432,0.08733,0.169,0.08935,0.07226,0.09082,1.08348
2019-11-11 00:00:00,0.3604,0.21427,0.08721,0.16869,0.08948,0.07234,0.09085,1.08324
2019-11-12 00:00:00,0.3604,0.21478,0.08738,0.16924,0.08945,0.07231,0.09088,1.08444
2019-11-13 00:00:00,0.3604,0.21496,0.08712,0.16926,0.08966,0.07245,0.09099,1.0848399999999998
2019-11-14 00:00:00,0.3604,0.21513,0.08697,0.16917,0.08965,0.07245,0.091,1.08477
2019-11-15 00:00:00,0.3604,0.21441,0.08702,0.16864,0.08946,0.07233,0.09089,1.08315
2019-11-16 00:00:00,0.3604,0.21423,0.08709,0.16828,0.0895,0.07236,0.09086,1.08272
2019-11-17 00:00:00,0.3604,0.21406,0.08716,0.16793,0.08955,0.07239,0.09084,1.08233
2019-11-18 00:00:00,0.3604,0.21389,0.08724,0.16758,0.08959,0.07242,0.09082,1.0819400000000001
2019-11-19 00:00:00,0.3604,0.21358,0.08705,0.16781,0.08957,0.0725,0.09083,1.08174
2019-11-20 00:00:00,0.3604,0.21392,0.08683,0.16837,0.08968,0.07258,0.09091,1.08269
2019-11-21 00:00:00,0.3604,0.21331,0.08694,0.16755,0.08955,0.0725,0.09088,1.08113
2019-11-22 00:00:00,0.3604,0.21394,0.08688,0.1689,0.08954,0.07263,0.091,1.0832899999999999
2019-11-23 00:00:00,0.3604,0.21427,0.08698,0.16885,0.08955,0.07262,0.09105,1.08372
2019-11-24 00:00:00,0.3604,0.21459,0.08708,0.1688,0.08957,0.07261,0.0911,1.08415
2019-11-25 00:00:00,0.3604,0.21492,0.08717,0.16875,0.08958,0.0726,0.09115,1.08457
2019-11-26 00:00:00,0.3604,0.21468,0.08723,0.16896,0.08963,0.07264,0.09122,1.0847600000000002
2019-11-27 00:00:00,0.3604,0.2149,0.08738,0.16861,0.0896,0.0725,0.09113,1.0845200000000002
2019-11-28 00:00:00,0.3604,0.21497,0.08765,0.16814,0.08964,0.07259,0.09119,1.0845799999999999
2019-11-29 00:00:00,0.3604,0.21542,0.08778,0.16858,0.08966,0.07251,0.09129,1.08564
2019-11-30 00:00:00,0.3604,0.21516,0.08775,0.16836,0.08971,0.07256,0.09132,1.08526
2019-12-01 00:00:00,0.3604,0.21489,0.08771,0.16815,0.08975,0.07261,0.09134,1.0848499999999999
2019-12-02 00:00:00,0.3604,0.21462,0.08768,0.16794,0.08979,0.07266,0.09136,1.08445
2019-12-03 00:00:00,0.3604,0.21369,0.08704,0.16717,0.08966,0.07283,0.09116,1.08195
2019-12-04 00:00:00,0.3604,0.2135,0.08701,0.16586,0.08966,0.07277,0.09099,1.08019
2019-12-05 00:00:00,0.3604,0.21325,0.08708,0.1654,0.08941,0.07266,0.09089,1.0790899999999999
2019-12-06 00:00:00,0.3604,0.21325,0.0869,0.16536,0.08913,0.07254,0.09077,1.07835
2019-12-07 00:00:00,0.3604,0.21337,0.08688,0.16529,0.08909,0.07257,0.09078,1.07838
2019-12-08 00:00:00,0.3604,0.21349,0.08686,0.16521,0.08904,0.0726,0.09078,1.0783800000000001
2019-12-09 00:00:00,0.3604,0.21362,0.08684,0.16514,0.089,0.07263,0.09078,1.07841
2019-12-10 00:00:00,0.3604,0.21358,0.08691,0.16487,0.08906,0.07263,0.09078,1.07823
2019-12-11 00:00:00,0.3604,0.21362,0.08705,0.16524,0.08928,0.07263,0.09078,1.079
2019-12-12 00:00:00,0.3604,0.21243,0.08693,0.16493,0.08922,0.07261,0.09062,1.0771399999999998
2019-12-13 00:00:00,0.3604,0.21172,0.0877,0.16234,0.0889,0.07194,0.09025,1.07325
2019-12-14 00:00:00,0.3604,0.2119,0.08767,0.16242,0.08894,0.07203,0.09031,1.0736700000000001
2019-12-15 00:00:00,0.3604,0.21208,0.08763,0.16249,0.08899,0.07213,0.09037,1.07409
2019-12-16 00:00:00,0.3604,0.21226,0.08759,0.16257,0.08903,0.07223,0.09042,1.0745
2019-12-17 00:00:00,0.3604,0.21195,0.08771,0.16493,0.08893,0.07219,0.09051,1.07662
2019-12-18 00:00:00,0.3604,0.21285,0.08772,0.16623,0.08898,0.07221,0.09055,1.07894
2019-12-19 00:00:00,0.3604,0.21281,0.08765,0.16623,0.08893,0.07233,0.09052,1.07887
2019-12-20 00:00:00,0.3604,0.21319,0.0875,0.16665,0.08885,0.07231,0.09046,1.07936
2019-12-21 00:00:00,0.3604,0.21333,0.08753,0.16714,0.08887,0.07232,0.09048,1.08007
2019-12-22 00:00:00,0.3604,0.21347,0.08756,0.16762,0.08889,0.07233,0.09051,1.08078
2019-12-23 00:00:00,0.3604,0.21362,0.08758,0.16811,0.08891,0.07235,0.09053,1.0815000000000001
2019-12-24 00:00:00,0.3604,0.21352,0.08755,0.16769,0.0889,0.07231,0.09048,1.0808499999999999
2019-12-25 00:00:00,0.3604,0.21305,0.08761,0.16706,0.08886,0.07227,0.09042,1.07967
2019-12-26 00:00:00,0.3604,0.21259,0.08767,0.16643,0.08881,0.07223,0.09035,1.0784799999999999
2019-12-27 00:00:00,0.3604,0.21212,0.08772,0.16581,0.08877,0.07219,0.09029,1.0773000000000001
2019-12-28 00:00:00,0.3604,0.21189,0.08762,0.16568,0.08866,0.07215,0.0902,1.0766
2019-12-29 00:00:00,0.3604,0.21167,0.08752,0.16555,0.08855,0.07212,0.09011,1.07592
2019-12-30 00:00:00,0.3604,0.21144,0.08741,0.16542,0.08843,0.07209,0.09003,1.07522
2019-12-31 00:00:00,0.3604,0.21059,0.08688,0.16451,0.08825,0.07183,0.0898,1.07226
2020-01-01 00:00:00,0.3604,0.21098,0.08698,0.16457,0.08826,0.07184,0.08989,1.07292
2020-01-02 00:00:00,0.3604,0.21136,0.08707,0.16463,0.08826,0.07186,0.08997,1.07355
2020-01-03 00:00:00,0.3604,0.21224,0.08656,0.16587,0.0886,0.07194,0.09012,1.07573
2020-01-04 00:00:00,0.3604,0.21194,0.08655,0.1657,0.08861,0.07194,0.09012,1.0752599999999999
2020-01-05 00:00:00,0.3604,0.21164,0.08654,0.16553,0.08861,0.07194,0.09012,1.0747799999999998
2020-01-06 00:00:00,0.3604,0.21134,0.08654,0.16536,0.08862,0.07194,0.09012,1.07432
2020-01-07 00:00:00,0.3604,0.21176,0.0868,0.16563,0.0882,0.07164,0.09012,1.0745500000000001
2020-01-08 00:00:00,0.3604,0.21285,0.08704,0.16586,0.08831,0.07165,0.09018,1.07629
2020-01-09 00:00:00,0.3604,0.21294,0.08757,0.16675,0.08804,0.07152,0.09025,1.0774700000000001
2020-01-10 00:00:00,0.3604,0.21331,0.08776,0.16611,0.08749,0.07142,0.0901,1.07659
2020-01-11 00:00:00,0.3604,0.21308,0.08782,0.16655,0.08736,0.07133,0.09005,1.07659
2020-01-12 00:00:00,0.3604,0.21286,0.08789,0.167,0.08723,0.07123,0.09,1.07661
2020-01-13 00:00:00,0.3604,0.21264,0.08795,0.16744,0.0871,0.07113,0.08994,1.0766
2020-01-14 00:00:00,0.3604,0.21285,0.08809,0.16733,0.08704,0.07105,0.08998,1.07674
2020-01-15 00:00:00,0.3604,0.21233,0.08795,0.16705,0.08708,0.07107,0.08994,1.07582
2020-01-16 00:00:00,0.3604,0.21182,0.08801,0.16623,0.08664,0.07099,0.08981,1.0739
2020-01-17 00:00:00,0.3604,0.21298,0.08814,0.16643,0.0869,0.07077,0.08991,1.0755299999999999
2020-01-18 00:00:00,0.3604,0.21313,0.08816,0.16666,0.08683,0.0708,0.08994,1.07592
2020-01-19 00:00:00,0.3604,0.21328,0.08818,0.16688,0.08677,0.07082,0.08997,1.0763
2020-01-20 00:00:00,0.3604,0.21342,0.0882,0.16711,0.0867,0.07085,0.09,1.07668
2020-01-21 00:00:00,0.3604,0.21285,0.08808,0.16618,0.08692,0.07123,0.09006,1.07572
2020-01-22 00:00:00,0.3604,0.21337,0.08802,0.16544,0.08679,0.07122,0.09004,1.07528
2020-01-23 00:00:00,0.3604,0.21331,0.08769,0.1655,0.08678,0.07154,0.09012,1.07534
2020-01-24 00:00:00,0.3604,0.21439,0.08774,0.16597,0.08643,0.07154,0.09021,1.07668
2020-01-25 00:00:00,0.3604,0.21445,0.08756,0.16605,0.08645,0.07155,0.09034,1.0768
2020-01-26 00:00:00,0.3604,0.21452,0.08738,0.16613,0.08647,0.07156,0.09048,1.07694
2020-01-27 00:00:00,0.3604,0.21458,0.0872,0.16621,0.08649,0.07158,0.09062,1.0770799999999998
2020-01-28 00:00:00,0.3604,0.21497,0.0873,0.167,0.08669,0.07158,0.09069,1.07863
2020-01-29 00:00:00,0.3604,0.21505,0.08736,0.16701,0.08663,0.07157,0.09085,1.07887
2020-01-30 00:00:00,0.3604,0.21451,0.08711,0.16581,0.087,0.07157,0.09098,1.07738
2020-01-31 00:00:00,0.3604,0.21406,0.08716,0.16544,0.0868,0.07158,0.09117,1.07661
2020-02-01 00:00:00,0.3604,0.21397,0.08707,0.16577,0.08699,0.07186,0.09122,1.07728
2020-02-02 00:00:00,0.3604,0.21388,0.08697,0.16609,0.08717,0.07215,0.09127,1.07793
2020-02-03 00:00:00,0.3604,0.21379,0.08687,0.16641,0.08736,0.07243,0.09133,1.07859
2020-02-04 00:00:00,0.3604,0.21414,0.08732,0.16689,0.08715,0.07219,0.09148,1.07957
2020-02-05 00:00:00,0.3604,0.21462,0.08782,0.16641,0.08671,0.07195,0.09207,1.07998
2020-02-06 00:00:00,0.3604,0.21501,0.08793,0.16748,0.08667,0.07191,0.09243,1.0818299999999998
2020-02-07 00:00:00,0.3604,0.21568,0.08794,0.16778,0.0873,0.07216,0.09285,1.0841100000000001
2020-02-08 00:00:00,0.3604,0.2158,0.08791,0.16781,0.08729,0.07213,0.09281,1.0841500000000002
2020-02-09 00:00:00,0.3604,0.21592,0.08788,0.16784,0.08729,0.07209,0.09276,1.08418
2020-02-10 00:00:00,0.3604,0.21603,0.08784,0.16787,0.08729,0.07205,0.09272,1.0841999999999998
2020-02-11 00:00:00,0.3604,0.21703,0.08792,0.16804,0.087,0.07196,0.09264,1.08499
2020-02-12 00:00:00,0.3604,0.21677,0.08803,0.1673,0.08686,0.07192,0.0925,1.08378
2020-02-13 00:00:00,0.3604,0.2177,0.08781,0.16666,0.08712,0.07206,0.09274,1.08449
2020-02-14 00:00:00,0.3604,0.21821,0.08794,0.16671,0.08719,0.0721,0.09292,1.08547
2020-02-15 00:00:00,0.3604,0.21825,0.08794,0.16677,0.08706,0.07208,0.09285,1.08535
2020-02-16 00:00:00,0.3604,0.2183,0.08794,0.16682,0.08692,0.07206,0.09278,1.08522
2020-02-17 00:00:00,0.3604,0.21835,0.08795,0.16688,0.08679,0.07204,0.09271,1.08512
2020-02-18 00:00:00,0.3604,0.21873,0.08784,0.16666,0.08687,0.07225,0.09295,1.0857
2020-02-19 00:00:00,0.3604,0.21906,0.08846,0.16724,0.08701,0.07217,0.09293,1.08727
2020-02-20 00:00:00,0.3604,0.21926,0.08966,0.16879,0.08714,0.07247,0.0935,1.09122
2020-02-21 00:00:00,0.3604,0.21903,0.08964,0.16795,0.0875,0.07255,0.09353,1.0906000000000002
2020-02-22 00:00:00,0.3604,0.21892,0.08949,0.16808,0.08791,0.07256,0.09354,1.0909
2020-02-23 00:00:00,0.3604,0.21881,0.08933,0.16821,0.08832,0.07258,0.09356,1.09121
2020-02-24 00:00:00,0.3604,0.21869,0.08918,0.16834,0.08873,0.07259,0.09358,1.09151
2020-02-25 00:00:00,0.3604,0.21825,0.08855,0.16759,0.08852,0.07239,0.0934,1.0891
2020-02-26 00:00:00,0.3604,0.21754,0.08842,0.16809,0.08898,0.07242,0.09334,1.08919
2020-02-27 00:00:00,0.3604,0.21578,0.08794,0.1684,0.08922,0.07229,0.09313,1.08716
2020-02-28 00:00:00,0.3604,0.21552,0.08704,0.16883,0.09121,0.07206,0.09316,1.08822
2020-02-29 00:00:00,0.3604,0.21458,0.08677,0.16927,0.09111,0.072,0.09302,1.08715
2020-03-01 00:00:00,0.3604,0.21364,0.0865,0.16971,0.09102,0.07193,0.09287,1.08607
2020-03-02 00:00:00,0.3604,0.21271,0.08623,0.17014,0.09093,0.07187,0.09274,1.0850199999999999
2020-03-03 00:00:00,0.3604,0.21281,0.08624,0.17002,0.09079,0.072,0.09296,1.0852199999999999
2020-03-04 00:00:00,0.3604,0.21266,0.08604,0.16958,0.08973,0.07143,0.09242,1.08226
2020-03-05 00:00:00,0.3604,0.21148,0.0856,0.16829,0.09008,0.07156,0.09247,1.0798799999999997
2020-03-06 00:00:00,0.3604,0.2087,0.08408,0.16703,0.09286,0.07146,0.09205,1.07658
2020-03-07 00:00:00,0.3604,0.20796,0.08333,0.16658,0.0924,0.07154,0.09214,1.0743500000000001
2020-03-08 00:00:00,0.3604,0.20724,0.08258,0.16614,0.09194,0.07162,0.09223,1.07215
2020-03-09 00:00:00,0.3604,0.20651,0.08183,0.16569,0.09149,0.0717,0.09232,1.06994
2020-03-10 00:00:00,0.3604,0.20771,0.08338,0.16666,0.09087,0.07178,0.09271,1.07351
2020-03-11 00:00:00,0.3604,0.2087,0.08371,0.16804,0.09124,0.07173,0.0927,1.07652
2020-03-12 00:00:00,0.3604,0.21048,0.08321,0.17127,0.09294,0.07241,0.09372,1.08443
2020-03-13 00:00:00,0.3604,0.21306,0.08586,0.17425,0.09389,0.0721,0.0943,1.09386
2020-03-14 00:00:00,0.3604,0.21272,0.0854,0.17517,0.09442,0.07222,0.09452,1.0948499999999999
2020-03-15 00:00:00,0.3604,0.21238,0.08494,0.1761,0.09495,0.07234,0.09473,1.0958400000000001
2020-03-16 00:00:00,0.3604,0.21205,0.08449,0.17702,0.09547,0.07246,0.09495,1.09684
2020-03-17 00:00:00,0.3604,0.21542,0.08564,0.17965,0.09656,0.07244,0.09539,1.1055
2020-03-18 00:00:00,0.3604,0.21637,0.08622,0.18315,0.09821,0.07259,0.09623,1.11317
2020-03-19 00:00:00,0.3604,0.21903,0.08791,0.18701,0.10115,0.07342,0.09669,1.12561
2020-03-20 00:00:00,0.3604,0.22096,0.08849,0.18468,0.10123,0.07316,0.09674,1.12566
2020-03-21 00:00:00,0.3604,0.22044,0.08847,0.18555,0.10262,0.07314,0.09699,1.12761
2020-03-22 00:00:00,0.3604,0.21992,0.08844,0.18642,0.104,0.07312,0.09724,1.12954
2020-03-23 00:00:00,0.3604,0.2194,0.08842,0.18729,0.10537,0.07309,0.09748,1.13145
2020-03-24 00:00:00,0.3604,0.21819,0.08858,0.18451,0.10378,0.07285,0.09662,1.12493
2020-03-25 00:00:00,0.3604,0.21851,0.08921,0.18359,0.10244,0.07323,0.09651,1.12389
2020-03-26 00:00:00,0.3604,0.21544,0.0876,0.1807,0.10238,0.07299,0.09581,1.1153199999999999
2020-03-27 00:00:00,0.3604,0.21552,0.08704,0.17759,0.1026,0.07322,0.09586,1.11223
2020-03-28 00:00:00,0.3604,0.21515,0.08688,0.17673,0.10314,0.07323,0.09564,1.1111699999999998
2020-03-29 00:00:00,0.3604,0.21478,0.08673,0.17587,0.10367,0.07324,0.09541,1.1101
2020-03-30 00:00:00,0.3604,0.21441,0.08657,0.17502,0.10421,0.07326,0.09519,1.10906
2020-03-31 00:00:00,0.3604,0.21594,0.08687,0.17575,0.10368,0.07326,0.09526,1.11116
2020-04-01 00:00:00,0.3604,0.21633,0.08604,0.17571,0.10602,0.07327,0.09578,1.11355
2020-04-02 00:00:00,0.3604,0.21693,0.08592,0.17476,0.10589,0.07322,0.0956,1.11272
2020-04-03 00:00:00,0.3604,0.21936,0.08691,0.17694,0.10562,0.07317,0.09588,1.1182800000000002
2020-04-04 00:00:00,0.3604,0.21932,0.087,0.17688,0.10519,0.07317,0.09584,1.1178
2020-04-05 00:00:00,0.3604,0.21928,0.0871,0.17681,0.10476,0.07317,0.09581,1.11733
2020-04-06 00:00:00,0.3604,0.21924,0.08719,0.17674,0.10433,0.07317,0.09577,1.1168399999999998
2020-04-07 00:00:00,0.3604,0.21734,0.08718,0.1758,0.10257,0.0728,0.09507,1.1111600000000001
2020-04-08 00:00:00,0.3604,0.21762,0.08715,0.17574,0.10313,0.07291,0.09529,1.1122400000000001
2020-04-09 00:00:00,0.3604,0.2177,0.08716,0.17504,0.10087,0.07284,0.0951,1.10911
2020-04-10 00:00:00,0.3604,0.21732,0.08691,0.1746,0.10067,0.07283,0.09498,1.1077100000000002
2020-04-11 00:00:00,0.3604,0.21694,0.08666,0.17417,0.10048,0.07283,0.09486,1.1063399999999999
2020-04-12 00:00:00,0.3604,0.21656,0.08641,0.17374,0.10029,0.07282,0.09475,1.1049699999999998
2020-04-13 00:00:00,0.3604,0.21618,0.08616,0.17331,0.10009,0.07282,0.09463,1.10359
2020-04-14 00:00:00,0.3604,0.2158,0.08591,0.17289,0.0999,0.07282,0.09452,1.1022399999999999
2020-04-15 00:00:00,0.3604,0.21699,0.08598,0.1741,0.10029,0.07287,0.09511,1.1057400000000002
2020-04-16 00:00:00,0.3604,0.21728,0.0861,0.1739,0.09978,0.07296,0.09528,1.1057
2020-04-17 00:00:00,0.3604,0.21784,0.08613,0.17398,0.09908,0.07299,0.09496,1.1053799999999998
2020-04-18 00:00:00,0.3604,0.21784,0.08619,0.17422,0.09897,0.07299,0.09498,1.10559
2020-04-19 00:00:00,0.3604,0.21784,0.08626,0.17446,0.09886,0.07299,0.09499,1.1057999999999997
2020-04-20 00:00:00,0.3604,0.21784,0.08632,0.17471,0.09875,0.07299,0.09501,1.10602
2020-04-21 00:00:00,0.3604,0.21831,0.08597,0.17664,0.09973,0.07321,0.09555,1.1098100000000002
2020-04-22 00:00:00,0.3604,0.2177,0.08619,0.17575,0.09907,0.07308,0.09527,1.1074599999999999
2020-04-23 00:00:00,0.3604,0.21962,0.08601,0.17585,0.09898,0.07305,0.09502,1.10893
2020-04-24 00:00:00,0.3604,0.21906,0.08614,0.17599,0.09933,0.07305,0.09517,1.10914
2020-04-25 00:00:00,0.3604,0.2187,0.086,0.17555,0.09882,0.07306,0.09501,1.10754
2020-04-26 00:00:00,0.3604,0.21835,0.08586,0.17511,0.09831,0.07307,0.09485,1.1059500000000002
2020-04-27 00:00:00,0.3604,0.21801,0.08572,0.17468,0.0978,0.07308,0.09469,1.10438
2020-04-28 00:00:00,0.3604,0.2175,0.08541,0.1739,0.09769,0.07302,0.09457,1.1024900000000002
2020-04-29 00:00:00,0.3604,0.21821,0.08529,0.17507,0.09739,0.07302,0.09448,1.1038599999999998
2020-04-30 00:00:00,0.3604,0.21752,0.08528,0.17357,0.09456,0.07273,0.09407,1.09813
2020-05-01 00:00:00,0.3604,0.21719,0.08533,0.17381,0.09492,0.07277,0.09418,1.0986
2020-05-02 00:00:00,0.3604,0.21687,0.08538,0.17404,0.09528,0.0728,0.0943,1.09907
2020-05-03 00:00:00,0.3604,0.21654,0.08542,0.17427,0.09563,0.07284,0.09442,1.09952
2020-05-04 00:00:00,0.3604,0.21621,0.08547,0.1745,0.09599,0.07287,0.09454,1.0999800000000002
2020-05-05 00:00:00,0.3604,0.21819,0.08542,0.17441,0.09599,0.07287,0.09457,1.10185
2020-05-06 00:00:00,0.3604,0.21891,0.08492,0.17538,0.09564,0.07324,0.09473,1.1032199999999999
2020-05-07 00:00:00,0.3604,0.2194,0.0853,0.17623,0.09564,0.07313,0.09475,1.1048499999999999
2020-05-08 00:00:00,0.3604,0.21819,0.08515,0.17537,0.09515,0.07301,0.09436,1.1016299999999999
2020-05-09 00:00:00,0.3604,0.21831,0.0854,0.17569,0.09515,0.07307,0.09444,1.1024600000000002
2020-05-10 00:00:00,0.3604,0.21844,0.08565,0.17603,0.09515,0.07313,0.09451,1.10331
2020-05-11 00:00:00,0.3604,0.21857,0.0859,0.17636,0.09516,0.0732,0.09459,1.10418
2020-05-12 00:00:00,0.3604,0.21788,0.08593,0.1756,0.0941,0.07311,0.09442,1.1014399999999998
2020-05-13 00:00:00,0.3604,0.21754,0.08559,0.17627,0.09407,0.07316,0.09442,1.1014499999999998
2020-05-14 00:00:00,0.3604,0.21922,0.08565,0.17813,0.09504,0.07329,0.09511,1.10684
2020-05-15 00:00:00,0.3604,0.2191,0.08564,0.17852,0.09495,0.07335,0.0952,1.10716
2020-05-16 00:00:00,0.3604,0.21887,0.08574,0.17861,0.09475,0.07337,0.09516,1.1069
2020-05-17 00:00:00,0.3604,0.21864,0.08585,0.1787,0.09455,0.07339,0.09512,1.1066500000000001
2020-05-18 00:00:00,0.3604,0.21841,0.08595,0.17879,0.09435,0.07341,0.09508,1.1063900000000002
2020-05-19 00:00:00,0.3604,0.21605,0.08626,0.17762,0.09392,0.07333,0.09458,1.10216
2020-05-20 00:00:00,0.3604,0.2159,0.08616,0.17714,0.09356,0.07326,0.09445,1.10087
2020-05-21 00:00:00,0.3604,0.21507,0.08617,0.17762,0.09365,0.07331,0.09444,1.1006600000000002
2020-05-22 00:00:00,0.3604,0.21697,0.08608,0.17842,0.09473,0.07362,0.09503,1.1052499999999998
2020-05-23 00:00:00,0.3604,0.21693,0.08611,0.17836,0.09432,0.07362,0.09506,1.1047999999999998
2020-05-24 00:00:00,0.3604,0.21689,0.08615,0.1783,0.09392,0.07363,0.09509,1.10438
2020-05-25 00:00:00,0.3604,0.21685,0.08619,0.17823,0.09351,0.07363,0.09512,1.10393
2020-05-26 00:00:00,0.3604,0.21556,0.086,0.17591,0.0938,0.07359,0.09465,1.09991
2020-05-27 00:00:00,0.3604,0.21525,0.08636,0.17708,0.09351,0.07387,0.09468,1.10115
2020-05-28 00:00:00,0.3604,0.21476,0.08624,0.17694,0.09354,0.07381,0.09467,1.10036
2020-05-29 00:00:00,0.3604,0.21245,0.08574,0.17573,0.09287,0.07362,0.0942,1.09501
2020-05-30 00:00:00,0.3604,0.21257,0.08591,0.17557,0.09287,0.07363,0.09417,1.09512
2020-05-31 00:00:00,0.3604,0.2127,0.08607,0.1754,0.09287,0.07363,0.09414,1.0952099999999998
2020-06-01 00:00:00,0.3604,0.21283,0.08623,0.17524,0.09287,0.07364,0.09411,1.0953199999999998
2020-06-02 00:00:00,0.3604,0.21172,0.08656,0.17318,0.09163,0.07333,0.09361,1.09043
2020-06-03 00:00:00,0.3604,0.21134,0.08691,0.17284,0.09021,0.07337,0.09337,1.08844
2020-06-04 00:00:00,0.3604,0.21029,0.08715,0.17317,0.0896,0.07344,0.09351,1.08756
2020-06-05 00:00:00,0.3604,0.20881,0.08744,0.1715,0.08911,0.07317,0.09295,1.08338
2020-06-06 00:00:00,0.3604,0.20908,0.08747,0.17155,0.0891,0.07312,0.09293,1.08365
2020-06-07 00:00:00,0.3604,0.20936,0.0875,0.1716,0.0891,0.07306,0.0929,1.08392
2020-06-08 00:00:00,0.3604,0.20964,0.08753,0.17165,0.08909,0.073,0.09288,1.08419
2020-06-09 00:00:00,0.3604,0.20947,0.08656,0.17141,0.08959,0.07311,0.09285,1.08339
2020-06-10 00:00:00,0.3604,0.20798,0.08596,0.16989,0.08954,0.07285,0.09242,1.07904
2020-06-11 00:00:00,0.3604,0.20848,0.08572,0.17164,0.08909,0.07297,0.09271,1.08101
2020-06-12 00:00:00,0.3604,0.20929,0.08587,0.17228,0.09031,0.07302,0.09283,1.084
2020-06-13 00:00:00,0.3604,0.2096,0.08589,0.17254,0.09041,0.07308,0.09292,1.0848400000000002
2020-06-14 00:00:00,0.3604,0.20992,0.08592,0.1728,0.09051,0.07314,0.09301,1.0856999999999999
2020-06-15 00:00:00,0.3604,0.21024,0.08595,0.17305,0.09061,0.07321,0.0931,1.08656
2020-06-16 00:00:00,0.3604,0.20921,0.08593,0.17168,0.08982,0.07304,0.09277,1.08285
2020-06-17 00:00:00,0.3604,0.21063,0.08598,0.17299,0.09026,0.07313,0.09302,1.08641
2020-06-18 00:00:00,0.3604,0.21082,0.08559,0.17427,0.08954,0.07314,0.09306,1.0868200000000001
2020-06-19 00:00:00,0.3604,0.21104,0.08552,0.17538,0.09032,0.07302,0.09304,1.08872
2020-06-20 00:00:00,0.3604,0.21102,0.08554,0.17525,0.09043,0.07302,0.09307,1.08873
2020-06-21 00:00:00,0.3604,0.21101,0.08556,0.17512,0.09054,0.07302,0.09309,1.08874
2020-06-22 00:00:00,0.3604,0.21099,0.08558,0.17499,0.09064,0.07302,0.09311,1.08873
2020-06-23 00:00:00,0.3604,0.20903,0.08561,0.17395,0.09001,0.07288,0.09286,1.0847399999999998
2020-06-24 00:00:00,0.3604,0.20973,0.08537,0.17398,0.09007,0.07297,0.09273,1.08525
2020-06-25 00:00:00,0.3604,0.21123,0.08594,0.17481,0.09075,0.07297,0.09299,1.08909
2020-06-26 00:00:00,0.3604,0.21099,0.08561,0.17547,0.0904,0.07297,0.09293,1.08877
2020-06-27 00:00:00,0.3604,0.21054,0.0857,0.17572,0.09071,0.07298,0.09293,1.08898
2020-06-28 00:00:00,0.3604,0.2101,0.08579,0.17597,0.09102,0.073,0.09293,1.08921
2020-06-29 00:00:00,0.3604,0.20966,0.08588,0.17622,0.09134,0.07301,0.09294,1.08945
2020-06-30 00:00:00,0.3604,0.21127,0.08625,0.177,0.09188,0.073,0.09329,1.0930900000000001
2020-07-01 00:00:00,0.3604,0.21123,0.08598,0.17539,0.09068,0.07292,0.09317,1.08977
2020-07-02 00:00:00,0.3604,0.20962,0.08599,0.17366,0.0914,0.07292,0.09303,1.08702
2020-07-03 00:00:00,0.3604,0.21078,0.08606,0.17442,0.09224,0.07291,0.09311,1.08992
2020-07-04 00:00:00,0.3604,0.21015,0.08607,0.17414,0.09204,0.07275,0.09303,1.0885799999999999
2020-07-05 00:00:00,0.3604,0.20952,0.08607,0.17387,0.09185,0.07259,0.09295,1.08725
2020-07-06 00:00:00,0.3604,0.2089,0.08607,0.1736,0.09165,0.07243,0.09286,1.08591
2020-07-07 00:00:00,0.3604,0.20955,0.08622,0.17345,0.09179,0.07246,0.09314,1.0870099999999998
2020-07-08 00:00:00,0.3604,0.20962,0.08609,0.17308,0.09163,0.07238,0.09314,1.0863399999999999
2020-07-09 00:00:00,0.3604,0.20859,0.08587,0.17171,0.09151,0.07208,0.09285,1.08301
2020-07-10 00:00:00,0.3604,0.20981,0.08552,0.17255,0.09176,0.07225,0.09297,1.08526
2020-07-11 00:00:00,0.3604,0.20948,0.08561,0.17252,0.09174,0.07224,0.09291,1.0849
2020-07-12 00:00:00,0.3604,0.20915,0.08569,0.17248,0.09172,0.07224,0.09284,1.08452
2020-07-13 00:00:00,0.3604,0.20883,0.08577,0.17245,0.0917,0.07223,0.09277,1.08415
2020-07-14 00:00:00,0.3604,0.20798,0.08597,0.17336,0.09186,0.07239,0.093,1.08496
2020-07-15 00:00:00,0.3604,0.20673,0.08551,0.17186,0.09273,0.07211,0.09266,1.082
2020-07-16 00:00:00,0.3604,0.20727,0.08572,0.17295,0.09297,0.0722,0.09293,1.08444
2020-07-17 00:00:00,0.3604,0.20702,0.08582,0.17312,0.09341,0.07221,0.09281,1.08479
2020-07-18 00:00:00,0.3604,0.2069,0.0858,0.1727,0.09361,0.07217,0.0928,1.08438
2020-07-19 00:00:00,0.3604,0.20678,0.08577,0.17228,0.0938,0.07214,0.09279,1.08396
2020-07-20 00:00:00,0.3604,0.20666,0.08574,0.17187,0.09399,0.0721,0.09278,1.0835400000000002
2020-07-21 00:00:00,0.3604,0.20675,0.08583,0.17095,0.0935,0.07212,0.09271,1.08226
2020-07-22 00:00:00,0.3604,0.20434,0.08569,0.17096,0.09261,0.07219,0.09235,1.07854
2020-07-23 00:00:00,0.3604,0.20449,0.08578,0.17123,0.09313,0.07229,0.09252,1.07984
2020-07-24 00:00:00,0.3604,0.20381,0.08506,0.17026,0.093,0.0724,0.0925,1.0774299999999999
2020-07-25 00:00:00,0.3604,0.20292,0.08481,0.16974,0.09276,0.07235,0.09235,1.0753300000000001
2020-07-26 00:00:00,0.3604,0.20204,0.08457,0.16923,0.09253,0.0723,0.0922,1.0732700000000002
2020-07-27 00:00:00,0.3604,0.20117,0.08432,0.16872,0.0923,0.07225,0.09206,1.07122
2020-07-28 00:00:00,0.3604,0.20191,0.08426,0.16865,0.0924,0.07225,0.09212,1.07199
2020-07-29 00:00:00,0.3604,0.20177,0.08416,0.16745,0.0924,0.07222,0.09191,1.07031
2020-07-30 00:00:00,0.3604,0.20146,0.08424,0.16698,0.09281,0.07226,0.09188,1.07003
2020-07-31 00:00:00,0.3604,0.19968,0.08398,0.16511,0.09316,0.07197,0.09154,1.0658400000000001
2020-08-01 00:00:00,0.3604,0.20037,0.08432,0.16565,0.09329,0.072,0.09167,1.0676999999999999
2020-08-02 00:00:00,0.3604,0.20106,0.08465,0.1662,0.09341,0.07203,0.0918,1.06955
2020-08-03 00:00:00,0.3604,0.20176,0.08499,0.16675,0.09354,0.07207,0.09193,1.07144
2020-08-04 00:00:00,0.3604,0.20109,0.0849,0.16679,0.09335,0.07206,0.0919,1.0704900000000002
2020-08-05 00:00:00,0.3604,0.19958,0.08466,0.16541,0.09249,0.07162,0.0914,1.0655599999999998
2020-08-06 00:00:00,0.3604,0.19976,0.08446,0.16514,0.09288,0.07173,0.09153,1.0659
2020-08-07 00:00:00,0.3604,0.2002,0.08461,0.16613,0.09326,0.07181,0.09154,1.06795
2020-08-08 00:00:00,0.3604,0.20051,0.0847,0.16625,0.09319,0.07185,0.0916,1.0685
2020-08-09 00:00:00,0.3604,0.20081,0.08479,0.16637,0.09313,0.07189,0.09165,1.06904
2020-08-10 00:00:00,0.3604,0.20112,0.08488,0.16649,0.09307,0.07193,0.09171,1.0695999999999999
2020-08-11 00:00:00,0.3604,0.20078,0.08489,0.16563,0.09359,0.07168,0.09153,1.0685000000000002
2020-08-12 00:00:00,0.3604,0.20099,0.08563,0.16697,0.09383,0.07167,0.09169,1.07118
2020-08-13 00:00:00,0.3604,0.19993,0.08563,0.1659,0.09433,0.07167,0.09158,1.0694400000000002
2020-08-14 00:00:00,0.3604,0.20027,0.08538,0.16582,0.09478,0.07171,0.09161,1.0699699999999999
2020-08-15 00:00:00,0.3604,0.20004,0.08528,0.16591,0.09472,0.07168,0.09156,1.06959
2020-08-16 00:00:00,0.3604,0.19982,0.08518,0.166,0.09466,0.07165,0.0915,1.06921
2020-08-17 00:00:00,0.3604,0.19959,0.08508,0.16609,0.0946,0.07161,0.09145,1.0688199999999999
2020-08-18 00:00:00,0.3604,0.19871,0.0844,0.16489,0.09437,0.07142,0.09112,1.06531
2020-08-19 00:00:00,0.3604,0.19826,0.08434,0.16446,0.0939,0.07131,0.09107,1.06374
2020-08-20 00:00:00,0.3604,0.19965,0.08475,0.1653,0.0939,0.07139,0.09138,1.0667699999999998
2020-08-21 00:00:00,0.3604,0.20102,0.0847,0.16566,0.0939,0.07144,0.09151,1.06863
2020-08-22 00:00:00,0.3604,0.20058,0.08467,0.16556,0.09368,0.0714,0.09144,1.06773
2020-08-23 00:00:00,0.3604,0.20013,0.08465,0.16545,0.09347,0.07137,0.09137,1.06684
2020-08-24 00:00:00,0.3604,0.1997,0.08463,0.16534,0.09326,0.07133,0.09131,1.06597
2020-08-25 00:00:00,0.3604,0.20025,0.08515,0.16538,0.0931,0.07133,0.09138,1.0669899999999999
2020-08-26 00:00:00,0.3604,0.20068,0.0851,0.16526,0.09327,0.07113,0.09134,1.06718
2020-08-27 00:00:00,0.3604,0.20039,0.08498,0.16469,0.09358,0.07108,0.0912,1.06632
2020-08-28 00:00:00,0.3604,0.19856,0.08424,0.16311,0.09246,0.07079,0.09074,1.0603
2020-08-29 00:00:00,0.3604,0.19842,0.08442,0.16308,0.09253,0.07073,0.09075,1.06033
2020-08-30 00:00:00,0.3604,0.19828,0.0846,0.16305,0.0926,0.07067,0.09077,1.06037
2020-08-31 00:00:00,0.3604,0.19814,0.08478,0.16302,0.09266,0.07061,0.09078,1.0603900000000002
2020-09-01 00:00:00,0.3604,0.19736,0.08475,0.16124,0.09262,0.07036,0.09064,1.05737
2020-09-02 00:00:00,0.3604,0.19946,0.08503,0.1627,0.09373,0.07044,0.09092,1.0626799999999998
2020-09-03 00:00:00,0.3604,0.20027,0.08528,0.16391,0.09437,0.07058,0.09116,1.0659699999999999
2020-09-04 00:00:00,0.3604,0.19978,0.08503,0.16385,0.09369,0.07058,0.09109,1.0644200000000001
2020-09-05 00:00:00,0.3604,0.19988,0.08502,0.16425,0.0938,0.07056,0.09114,1.0650499999999998
2020-09-06 00:00:00,0.3604,0.19998,0.08502,0.16465,0.09392,0.07053,0.09119,1.06569
2020-09-07 00:00:00,0.3604,0.20008,0.08502,0.16504,0.09403,0.0705,0.09124,1.0663099999999999
2020-09-08 00:00:00,0.3604,0.20075,0.08504,0.16673,0.09446,0.07062,0.09148,1.06948
2020-09-09 00:00:00,0.3604,0.20095,0.08502,0.1683,0.09399,0.07063,0.0914,1.07069
2020-09-10 00:00:00,0.3604,0.19966,0.08496,0.16791,0.09503,0.07056,0.09127,1.06979
2020-09-11 00:00:00,0.3604,0.19958,0.08496,0.16934,0.09531,0.07054,0.09124,1.0713700000000002
2020-09-12 00:00:00,0.3604,0.19945,0.08491,0.1691,0.09507,0.07048,0.09119,1.0706
2020-09-13 00:00:00,0.3604,0.19933,0.08486,0.16886,0.09483,0.07042,0.09115,1.0698500000000002
2020-09-14 00:00:00,0.3604,0.19921,0.0848,0.16863,0.09459,0.07037,0.09111,1.06911
2020-09-15 00:00:00,0.3604,0.19894,0.0844,0.16823,0.09437,0.06987,0.09074,1.0669499999999998
2020-09-16 00:00:00,0.3604,0.19933,0.08411,0.16732,0.0943,0.06975,0.09062,1.06583
2020-09-17 00:00:00,0.3604,0.20054,0.08372,0.16854,0.09431,0.06985,0.09077,1.06813
2020-09-18 00:00:00,0.3604,0.19993,0.08353,0.16764,0.09367,0.06989,0.09073,1.06579
2020-09-19 00:00:00,0.3604,0.20019,0.08346,0.16803,0.09379,0.06993,0.09075,1.06655
2020-09-20 00:00:00,0.3604,0.20045,0.08339,0.16843,0.09392,0.06998,0.09076,1.06733
2020-09-21 00:00:00,0.3604,0.20071,0.08332,0.16883,0.09404,0.07003,0.09078,1.0681100000000001
2020-09-22 00:00:00,0.3604,0.20152,0.08371,0.16975,0.09399,0.06992,0.09098,1.07027
2020-09-23 00:00:00,0.3604,0.20234,0.08415,0.17071,0.09447,0.0701,0.0913,1.07347
2020-09-24 00:00:00,0.3604,0.20316,0.08436,0.17018,0.09465,0.07047,0.0919,1.07512
2020-09-25 00:00:00,0.3604,0.20335,0.08445,0.17055,0.09453,0.07047,0.09194,1.07569
2020-09-26 00:00:00,0.3604,0.20314,0.08442,0.16986,0.09459,0.07041,0.09186,1.0746799999999999
2020-09-27 00:00:00,0.3604,0.20293,0.0844,0.16916,0.09465,0.07036,0.09178,1.07368
2020-09-28 00:00:00,0.3604,0.20272,0.08438,0.16847,0.09472,0.0703,0.09169,1.07268
2020-09-29 00:00:00,0.3604,0.20217,0.08455,0.16886,0.09463,0.07034,0.09138,1.07233
2020-09-30 00:00:00,0.3604,0.20207,0.08461,0.16927,0.09501,0.07026,0.09144,1.0730600000000001
2020-10-01 00:00:00,0.3604,0.20131,0.08444,0.16769,0.09425,0.07007,0.09092,1.0690799999999998
2020-10-02 00:00:00,0.3604,0.20169,0.08421,0.16792,0.09454,0.07007,0.091,1.0698299999999998
2020-10-03 00:00:00,0.3604,0.20147,0.08431,0.16782,0.09422,0.07013,0.09093,1.06928
2020-10-04 00:00:00,0.3604,0.20125,0.08441,0.16772,0.0939,0.0702,0.09087,1.06875
2020-10-05 00:00:00,0.3604,0.20104,0.08451,0.16763,0.09359,0.07026,0.09081,1.06824
2020-10-06 00:00:00,0.3604,0.20058,0.08454,0.1677,0.09367,0.07008,0.09074,1.0677100000000002
2020-10-07 00:00:00,0.3604,0.201,0.08483,0.16871,0.09376,0.07008,0.09073,1.06951
2020-10-08 00:00:00,0.3604,0.20109,0.08483,0.16808,0.09381,0.07007,0.09067,1.0689499999999998
2020-10-09 00:00:00,0.3604,0.20058,0.08479,0.1679,0.09345,0.06915,0.09048,1.0667500000000003
2020-10-10 00:00:00,0.3604,0.20055,0.08466,0.16753,0.09351,0.0693,0.09052,1.06647
2020-10-11 00:00:00,0.3604,0.20053,0.08453,0.16716,0.09357,0.06945,0.09056,1.0662
2020-10-12 00:00:00,0.3604,0.20051,0.0844,0.1668,0.09363,0.06959,0.09059,1.0659200000000002
2020-10-13 00:00:00,0.3604,0.20071,0.08447,0.16695,0.09386,0.0695,0.09066,1.06655
2020-10-14 00:00:00,0.3604,0.20134,0.08427,0.16712,0.09366,0.06946,0.09061,1.06686
2020-10-15 00:00:00,0.3604,0.20224,0.08427,0.16812,0.09389,0.06947,0.09094,1.06933
2020-10-16 00:00:00,0.3604,0.2015,0.08426,0.16821,0.09376,0.06911,0.09065,1.06789
2020-10-17 00:00:00,0.3604,0.20125,0.08427,0.16779,0.0937,0.06906,0.09063,1.0671
2020-10-18 00:00:00,0.3604,0.201,0.08428,0.16738,0.09364,0.06901,0.0906,1.06631
2020-10-19 00:00:00,0.3604,0.20075,0.0843,0.16698,0.09357,0.06896,0.09058,1.0655400000000002
2020-10-20 00:00:00,0.3604,0.20032,0.08458,0.16798,0.09351,0.06895,0.09065,1.06639
2020-10-21 00:00:00,0.3604,0.19961,0.08393,0.16634,0.09302,0.06867,0.0905,1.0624699999999998
2020-10-22 00:00:00,0.3604,0.20013,0.08378,0.16589,0.09371,0.06894,0.09061,1.0634599999999998
2020-10-23 00:00:00,0.3604,0.19954,0.08383,0.16613,0.09335,0.06889,0.0906,1.06274
2020-10-24 00:00:00,0.3604,0.19975,0.08391,0.16636,0.09341,0.06902,0.0907,1.0635500000000002
2020-10-25 00:00:00,0.3604,0.19996,0.08399,0.16658,0.09348,0.06914,0.09081,1.06436
2020-10-26 00:00:00,0.3604,0.20017,0.08407,0.1668,0.09354,0.06927,0.09092,1.0651699999999997
2020-10-27 00:00:00,0.3604,0.19995,0.08371,0.16655,0.09318,0.06919,0.09072,1.0637
2020-10-28 00:00:00,0.3604,0.20174,0.08352,0.16794,0.09372,0.06937,0.09117,1.06786
2020-10-29 00:00:00,0.3604,0.20214,0.0835,0.16784,0.094,0.06923,0.0912,1.06831
2020-10-30 00:00:00,0.3604,0.20224,0.08373,0.16751,0.09297,0.06894,0.09104,1.06683
2020-10-31 00:00:00,0.3604,0.2025,0.08374,0.16764,0.09301,0.06897,0.09107,1.0673300000000001
2020-11-01 00:00:00,0.3604,0.20277,0.08375,0.16776,0.09306,0.06901,0.09109,1.06784
2020-11-02 00:00:00,0.3604,0.20304,0.08376,0.16788,0.0931,0.06904,0.09112,1.06834
2020-11-03 00:00:00,0.3604,0.20217,0.08383,0.16715,0.09206,0.06895,0.09089,1.06545
2020-11-04 00:00:00,0.3604,0.20184,0.08353,0.16671,0.09162,0.0687,0.09071,1.06351
2020-11-05 00:00:00,0.3604,0.19956,0.08295,0.16574,0.09063,0.06818,0.09018,1.05764
2020-11-06 00:00:00,0.3604,0.19931,0.08271,0.16549,0.09074,0.06821,0.08998,1.05684
2020-11-07 00:00:00,0.3604,0.19924,0.08314,0.1653,0.09029,0.06819,0.08986,1.05642
2020-11-08 00:00:00,0.3604,0.19916,0.08356,0.16512,0.08984,0.06817,0.08974,1.05599
2020-11-09 00:00:00,0.3604,0.19909,0.08398,0.16493,0.08939,0.06814,0.08961,1.05554
2020-11-10 00:00:00,0.3604,0.20036,0.0843,0.16407,0.08931,0.06825,0.09004,1.0567300000000002
2020-11-11 00:00:00,0.3604,0.20107,0.08441,0.16419,0.09009,0.06835,0.09009,1.0586000000000002
2020-11-12 00:00:00,0.3604,0.20064,0.08435,0.16537,0.09029,0.06835,0.09015,1.05955
2020-11-13 00:00:00,0.3604,0.20024,0.08393,0.16489,0.09008,0.06818,0.09004,1.05776
2020-11-14 00:00:00,0.3604,0.20015,0.08395,0.1649,0.08993,0.06812,0.09,1.0574499999999998
2020-11-15 00:00:00,0.3604,0.20007,0.08398,0.16491,0.08978,0.06805,0.08996,1.05715
2020-11-16 00:00:00,0.3604,0.19998,0.084,0.16493,0.08964,0.06799,0.08992,1.05686
2020-11-17 00:00:00,0.3604,0.19911,0.08339,0.16378,0.08977,0.06764,0.08969,1.05378
2020-11-18 00:00:00,0.3604,0.19934,0.08315,0.16358,0.0897,0.06766,0.08954,1.05337
2020-11-19 00:00:00,0.3604,0.19995,0.08326,0.16409,0.09037,0.06796,0.08985,1.0558800000000002
2020-11-20 00:00:00,0.3604,0.19943,0.08311,0.16369,0.09024,0.06777,0.08967,1.05431
2020-11-21 00:00:00,0.3604,0.19921,0.08309,0.16321,0.09015,0.06777,0.08962,1.0534499999999998
2020-11-22 00:00:00,0.3604,0.199,0.08307,0.16273,0.09006,0.06778,0.08956,1.0526000000000002
2020-11-23 00:00:00,0.3604,0.19879,0.08304,0.16224,0.08998,0.06778,0.0895,1.0517299999999998
2020-11-24 00:00:00,0.3604,0.19939,0.08369,0.16296,0.09052,0.06796,0.0897,1.0546200000000001
2020-11-25 00:00:00,0.3604,0.19897,0.08361,0.16284,0.08989,0.06785,0.08964,1.0532
2020-11-26 00:00:00,0.3604,0.19881,0.08343,0.1627,0.08997,0.06785,0.08937,1.05253
2020-11-27 00:00:00,0.3604,0.19844,0.08341,0.16297,0.08995,0.06787,0.08935,1.05239
2020-11-28 00:00:00,0.3604,0.19812,0.0834,0.16295,0.08997,0.06787,0.08934,1.0520500000000002
2020-11-29 00:00:00,0.3604,0.1978,0.08339,0.16293,0.09,0.06787,0.08933,1.05172
2020-11-30 00:00:00,0.3604,0.19748,0.08338,0.16291,0.09003,0.06787,0.08933,1.0514
2020-12-01 00:00:00,0.3604,0.19768,0.08355,0.16299,0.0902,0.0678,0.08952,1.0521399999999999
2020-12-02 00:00:00,0.3604,0.19607,0.08367,0.16291,0.09033,0.06773,0.0895,1.05061
2020-12-03 00:00:00,0.3604,0.1947,0.08333,0.16153,0.08989,0.06757,0.08916,1.04658
2020-12-04 00:00:00,0.3604,0.19457,0.08324,0.16129,0.09004,0.0674,0.08898,1.04592
2020-12-05 00:00:00,0.3604,0.19474,0.08328,0.16199,0.0901,0.06742,0.08907,1.047
2020-12-06 00:00:00,0.3604,0.1949,0.08332,0.16268,0.09017,0.06745,0.08916,1.04808
2020-12-07 00:00:00,0.3604,0.19507,0.08336,0.16338,0.09023,0.06748,0.08924,1.04916
2020-12-08 00:00:00,0.3604,0.19529,0.08337,0.16344,0.08991,0.06739,0.08933,1.04913
2020-12-09 00:00:00,0.3604,0.19537,0.08332,0.16145,0.08966,0.06746,0.08917,1.04683
2020-12-10 00:00:00,0.3604,0.19528,0.0836,0.16335,0.08966,0.0675,0.08928,1.04907
2020-12-11 00:00:00,0.3604,0.19508,0.08335,0.16532,0.08951,0.06755,0.08926,1.05047
2020-12-12 00:00:00,0.3604,0.1949,0.08323,0.16421,0.08967,0.06754,0.08915,1.0491000000000001
2020-12-13 00:00:00,0.3604,0.19471,0.08312,0.1631,0.08983,0.06753,0.08904,1.0477299999999998
2020-12-14 00:00:00,0.3604,0.19452,0.083,0.162,0.08999,0.06752,0.08894,1.04637
2020-12-15 00:00:00,0.3604,0.19488,0.08313,0.16246,0.09004,0.06754,0.08906,1.04751
2020-12-16 00:00:00,0.3604,0.19409,0.08272,0.1603,0.09002,0.06741,0.08875,1.04369
2020-12-17 00:00:00,0.3604,0.19319,0.08248,0.15974,0.08977,0.06741,0.08846,1.04145
2020-12-18 00:00:00,0.3604,0.19298,0.08272,0.16094,0.0899,0.06746,0.08867,1.04307
2020-12-19 00:00:00,0.3604,0.19344,0.08277,0.16178,0.09014,0.06752,0.08889,1.04494
2020-12-20 00:00:00,0.3604,0.19389,0.08283,0.16263,0.09038,0.06757,0.0891,1.0468
2020-12-21 00:00:00,0.3604,0.19435,0.08288,0.16348,0.09061,0.06763,0.08932,1.0486699999999998
2020-12-22 00:00:00,0.3604,0.1933,0.08275,0.16178,0.09043,0.06749,0.08906,1.04521
2020-12-23 00:00:00,0.3604,0.19446,0.08289,0.16195,0.09066,0.06747,0.08909,1.04692
2020-12-24 00:00:00,0.3604,0.19403,0.08297,0.15998,0.09027,0.06738,0.08867,1.0436999999999999
2020-12-25 00:00:00,0.3604,0.19393,0.08295,0.16016,0.09025,0.06741,0.08868,1.04378
2020-12-26 00:00:00,0.3604,0.19382,0.08293,0.16035,0.09023,0.06743,0.08869,1.04385
2020-12-27 00:00:00,0.3604,0.19372,0.08291,0.16054,0.09022,0.06745,0.0887,1.04394
2020-12-28 00:00:00,0.3604,0.19362,0.08289,0.16072,0.0902,0.06748,0.08871,1.04402
2020-12-29 00:00:00,0.3604,0.19298,0.08307,0.16101,0.08974,0.06739,0.08863,1.04322
2020-12-30 00:00:00,0.3604,0.19264,0.0825,0.15973,0.08931,0.06733,0.08838,1.04029
2020-12-31 00:00:00,0.3604,0.1928,0.08251,0.15915,0.08931,0.06746,0.08824,1.03987
2021-01-01 00:00:00,0.3604,0.1927,0.08249,0.15918,0.08904,0.06727,0.08816,1.03924
2021-01-02 00:00:00,0.3604,0.1926,0.08247,0.15921,0.08876,0.06708,0.08809,1.03861
2021-01-03 00:00:00,0.3604,0.1925,0.08245,0.15925,0.08849,0.06689,0.08802,1.038
2021-01-04 00:00:00,0.3604,0.1924,0.08243,0.15928,0.08821,0.0667,0.08795,1.03737
2021-01-05 00:00:00,0.3604,0.1928,0.08235,0.15991,0.08846,0.06669,0.08803,1.03864
2021-01-06 00:00:00,0.3604,0.19175,0.08241,0.15957,0.08846,0.06661,0.08791,1.03711
2021-01-07 00:00:00,0.3604,0.19272,0.08289,0.15959,0.08938,0.06673,0.08839,1.0401
2021-01-08 00:00:00,0.3604,0.19313,0.08315,0.15982,0.0895,0.0667,0.08844,1.04114
2021-01-09 00:00:00,0.3604,0.19358,0.08324,0.16026,0.08975,0.06675,0.08856,1.04254
2021-01-10 00:00:00,0.3604,0.19404,0.08333,0.16071,0.09,0.0668,0.08869,1.04397
2021-01-11 00:00:00,0.3604,0.19451,0.08342,0.16116,0.09025,0.06685,0.08881,1.0453999999999999
2021-01-12 00:00:00,0.3604,0.19454,0.08342,0.15976,0.08992,0.06667,0.08864,1.04335
2021-01-13 00:00:00,0.3604,0.19446,0.08319,0.15888,0.08981,0.06676,0.08856,1.0420600000000002
2021-01-14 00:00:00,0.3604,0.19513,0.08333,0.15936,0.08928,0.06673,0.0886,1.04283
2021-01-15 00:00:00,0.3604,0.19515,0.08302,0.15947,0.08931,0.06681,0.08869,1.04285
2021-01-16 00:00:00,0.3604,0.19547,0.08303,0.15977,0.0895,0.06688,0.08879,1.0438399999999999
2021-01-17 00:00:00,0.3604,0.19578,0.08305,0.16008,0.08968,0.06695,0.08888,1.0448199999999999
2021-01-18 00:00:00,0.3604,0.1961,0.08306,0.16039,0.08986,0.06702,0.08897,1.0457999999999998
2021-01-19 00:00:00,0.3604,0.195,0.08324,0.15954,0.0895,0.06686,0.08867,1.04321
2021-01-20 00:00:00,0.3604,0.1955,0.08309,0.15898,0.08933,0.06676,0.08857,1.0426300000000002
2021-01-21 00:00:00,0.3604,0.19459,0.08277,0.15835,0.08893,0.06667,0.0883,1.0400099999999999
2021-01-22 00:00:00,0.3604,0.19459,0.08308,0.1591,0.08962,0.0669,0.08868,1.04237
2021-01-23 00:00:00,0.3604,0.19462,0.08306,0.15898,0.08958,0.06688,0.08865,1.04217
2021-01-24 00:00:00,0.3604,0.19465,0.08305,0.15886,0.08954,0.06686,0.08861,1.04197
2021-01-25 00:00:00,0.3604,0.19468,0.08303,0.15874,0.0895,0.06684,0.08858,1.04177
